t,x,y,z
0.0,-0.113659,-0.145962,5.14098
0.003899999999998016,-0.108873,-0.135194,5.14696
0.006799999999998363,-0.108873,-0.135194,5.14696
0.010699999999999932,-0.108873,-0.135194,5.14696
0.013700000000000045,-0.113659,-0.137587,5.14457
0.01659999999999684,-0.113659,-0.137587,5.14457
0.019499999999997186,-0.113659,-0.137587,5.14457
0.022399999999997533,-0.11007,-0.136391,5.14098
0.026299999999999102,-0.11007,-0.136391,5.14098
0.029299999999999216,-0.11007,-0.136391,5.14098
0.03219999999999956,-0.117248,-0.136391,5.14337
0.03509999999999991,-0.117248,-0.136391,5.14337
0.03810000000000002,-0.117248,-0.136391,5.14337
0.04199999999999804,-0.114855,-0.143569,5.13858
0.044899999999998386,-0.114855,-0.143569,5.13858
0.04779999999999873,-0.114855,-0.143569,5.13858
0.05269999999999797,-0.114855,-0.138784,5.13499
0.05559999999999832,-0.114855,-0.138784,5.13499
0.05759999999999721,-0.114855,-0.138784,5.13499
0.060499999999997556,-0.116052,-0.13998,5.13619
0.06439999999999912,-0.116052,-0.13998,5.13619
0.06739999999999924,-0.116052,-0.13998,5.13619
0.07029999999999959,-0.116052,-0.13998,5.13619
0.0741999999999976,-0.100498,-0.13998,5.1338
0.07709999999999795,-0.100498,-0.13998,5.1338
0.08009999999999806,-0.100498,-0.13998,5.1338
0.08399999999999963,-0.111266,-0.13998,5.14815
0.08689999999999998,-0.111266,-0.13998,5.14815
0.08979999999999677,-0.111266,-0.13998,5.14815
0.09469999999999956,-0.113659,-0.13998,5.14457
0.09759999999999991,-0.113659,-0.13998,5.14457
0.10060000000000002,-0.113659,-0.13998,5.14457
0.10349999999999682,-0.114855,-0.145962,5.13858
0.10639999999999716,-0.114855,-0.145962,5.13858
0.10940000000000083,-0.114855,-0.145962,5.13858
0.1132999999999953,-0.108873,-0.141176,5.14935
0.11619999999999919,-0.108873,-0.141176,5.14935
0.11909999999999599,-0.108873,-0.141176,5.14935
0.12199999999999989,-0.116052,-0.133998,5.14576
0.12599999999999767,-0.116052,-0.133998,5.14576
0.12890000000000157,-0.116052,-0.133998,5.14576
0.13179999999999836,-0.111266,-0.138784,5.14696
0.13569999999999993,-0.111266,-0.138784,5.14696
0.13870000000000005,-0.111266,-0.138784,5.14696
0.14159999999999684,-0.111266,-0.138784,5.14935
0.14450000000000074,-0.122034,-0.147159,5.14935
0.14739999999999753,-0.122034,-0.147159,5.14935
0.1512999999999991,-0.122034,-0.147159,5.14935
0.15429999999999922,-0.11007,-0.13998,5.1326
0.157199999999996,-0.11007,-0.13998,5.1326
0.1600999999999999,-0.11007,-0.13998,5.1326
0.16310000000000002,-0.118445,-0.145962,5.14576
0.1670000000000016,-0.118445,-0.145962,5.14576
0.16989999999999839,-0.118445,-0.145962,5.14576
0.17279999999999518,-0.108873,-0.141176,5.14337
0.17770000000000152,-0.108873,-0.141176,5.14337
0.18059999999999832,-0.108873,-0.141176,5.14337
0.18260000000000076,-0.105284,-0.133998,5.13978
0.18549999999999756,-0.105284,-0.133998,5.13978
0.18939999999999912,-0.105284,-0.133998,5.13978
0.19239999999999924,-0.117248,-0.151944,5.14815
0.1963000000000008,-0.117248,-0.151944,5.14815
0.1991999999999976,-0.117248,-0.151944,5.14815
0.2021000000000015,-0.111266,-0.13998,5.14576
0.20510000000000161,-0.111266,-0.13998,5.14576
0.20899999999999608,-0.111266,-0.13998,5.14576
0.21189999999999998,-0.111266,-0.13998,5.14337
0.21479999999999677,-0.120837,-0.136391,5.14337
0.21869999999999834,-0.120837,-0.136391,5.14337
0.2225999999999999,-0.120837,-0.136391,5.14337
0.22459999999999525,-0.120837,-0.142373,5.14098
0.22749999999999915,-0.120837,-0.142373,5.14098
0.23140000000000072,-0.120837,-0.142373,5.14098
0.23440000000000083,-0.119641,-0.137587,5.14457
0.23729999999999762,-0.119641,-0.137587,5.14457
0.24020000000000152,-0.119641,-0.137587,5.14457
0.24309999999999832,-0.114855,-0.142373,5.15294
0.2469999999999999,-0.114855,-0.142373,5.15294
0.25,-0.114855,-0.142373,5.15294
0.2528999999999968,-0.116052,-0.141176,5.14815
0.2558000000000007,-0.116052,-0.141176,5.14815
0.26069999999999993,-0.116052,-0.141176,5.14815
0.26370000000000005,-0.105284,-0.138784,5.13739
0.26559999999999917,-0.105284,-0.138784,5.13739
0.26950000000000074,-0.105284,-0.138784,5.13739
0.27239999999999753,-0.105284,-0.138784,5.14457
0.27539999999999765,-0.116052,-0.13998,5.14457
0.27830000000000155,-0.116052,-0.13998,5.14457
0.282199999999996,-0.116052,-0.13998,5.14457
0.2850999999999999,-0.107677,-0.13998,5.14457
0.2881,-0.107677,-0.13998,5.14457
0.2909999999999968,-0.107677,-0.13998,5.14457
0.2948999999999984,-0.11007,-0.145962,5.15055
0.2977999999999952,-0.11007,-0.145962,5.15055
0.3027000000000015,-0.11007,-0.145962,5.15055
0.3055999999999983,-0.113659,-0.13998,5.14337
0.30760000000000076,-0.113659,-0.13998,5.14337
0.31049999999999756,-0.113659,-0.13998,5.14337
0.31349999999999767,-0.114855,-0.153141,5.13978
0.31739999999999924,-0.114855,-0.153141,5.13978
0.32029999999999603,-0.114855,-0.153141,5.13978
0.32319999999999993,-0.116052,-0.13998,5.14457
0.3271000000000015,-0.116052,-0.13998,5.14457
0.3301000000000016,-0.116052,-0.13998,5.14457
0.3329999999999984,-0.119641,-0.13998,5.15533
0.3358999999999952,-0.119641,-0.13998,5.15533
0.33979999999999677,-0.119641,-0.13998,5.15533
0.34369999999999834,-0.119641,-0.13998,5.15533
0.34669999999999845,-0.118445,-0.136391,5.15055
0.3485999999999976,-0.118445,-0.136391,5.15055
0.3515000000000015,-0.118445,-0.136391,5.15055
0.35539999999999594,-0.107677,-0.143569,5.14337
0.35839999999999606,-0.107677,-0.143569,5.14337
0.36129999999999995,-0.107677,-0.143569,5.14337
0.36419999999999675,-0.112463,-0.133998,5.14696
0.3680999999999983,-0.112463,-0.133998,5.14696
0.37109999999999843,-0.112463,-0.133998,5.14696
0.3739999999999952,-0.105284,-0.145962,5.15055
0.3778999999999968,-0.105284,-0.145962,5.15055
0.3808000000000007,-0.105284,-0.145962,5.15055
0.38469999999999516,-0.113659,-0.142373,5.13739
0.38769999999999527,-0.113659,-0.142373,5.13739
0.39059999999999917,-0.113659,-0.142373,5.13739
0.39349999999999596,-0.108873,-0.153141,5.14576
0.39739999999999753,-0.108873,-0.153141,5.14576
0.40039999999999765,-0.108873,-0.153141,5.14576
0.40330000000000155,-0.120837,-0.136391,5.14098
0.40619999999999834,-0.120837,-0.136391,5.14098
0.4100999999999999,-0.120837,-0.136391,5.14098
0.4131,-0.120837,-0.136391,5.14098
0.4159999999999968,-0.102891,-0.131605,5.14576
0.4189000000000007,-0.102891,-0.131605,5.14576
0.4227999999999952,-0.102891,-0.131605,5.14576
0.42669999999999675,0.348155,0.177069,5.1649
0.42969999999999686,0.348155,0.177069,5.1649
0.431599999999996,0.348155,0.177069,5.1649
0.43549999999999756,0.89013,0.534796,5.17806
0.43849999999999767,0.89013,0.534796,5.17806
0.44140000000000157,0.89013,0.534796,5.17806
0.44429999999999836,0.471386,0.0825523,5.14098
0.44819999999999993,0.471386,0.0825523,5.14098
0.45120000000000005,0.471386,0.0825523,5.14098
0.45409999999999684,0.160319,-0.189033,5.14457
0.4579999999999984,0.160319,-0.189033,5.14457
0.4608999999999952,0.160319,-0.189033,5.14457
0.4637999999999991,0.0861416,-0.218943,5.14457
0.4667999999999992,0.0861416,-0.218943,5.14457
0.47169999999999845,0.0861416,-0.218943,5.14457
0.4735999999999976,0.0861416,-0.218943,5.15892
0.4765000000000015,0.117248,-0.167497,5.15892
0.48039999999999594,0.117248,-0.167497,5.15892
0.48339999999999606,0.117248,-0.167497,5.15892
0.48629999999999995,-0.142373,-0.247657,5.13858
0.48919999999999675,-0.142373,-0.247657,5.13858
0.4930999999999983,-0.142373,-0.247657,5.13858
0.49609999999999843,-0.51326,-0.327816,5.13619
0.5,-0.51326,-0.327816,5.13619
0.5028999999999968,-0.51326,-0.327816,5.13619
0.5058000000000007,-1.05523,-0.508475,5.11106
0.5096999999999952,-1.05523,-0.508475,5.11106
0.5137,-1.05523,-0.508475,5.11106
0.5155999999999992,-1.14975,-0.43669,5.12303
0.518499999999996,-1.14975,-0.43669,5.12303
0.5214999999999961,-1.14975,-0.43669,5.12303
0.5253999999999976,-0.318245,0.0215354,5.15414
0.5283000000000015,-0.318245,0.0215354,5.15414
0.5311999999999983,-0.318245,0.0215354,5.15414
0.5350999999999999,-0.155533,0.0753739,5.1673
0.5381,-0.155533,0.0753739,5.1673
0.5409999999999968,-0.155533,0.0753739,5.1673
0.5439000000000007,-0.155533,0.331406,5.16132
0.5477999999999952,0.0191426,0.331406,5.16132
0.5516999999999967,0.0191426,0.331406,5.16132
0.5546999999999969,0.0191426,0.331406,5.16132
0.556599999999996,0.183051,0.539581,5.17448
0.5604999999999976,0.183051,0.539581,5.17448
0.5634999999999977,0.183051,0.539581,5.17448
0.5664000000000016,0.48335,0.190229,5.16132
0.5692999999999984,0.48335,0.190229,5.16132
0.5731999999999999,0.48335,0.190229,5.16132
0.5762,0.512064,-0.448654,5.14815
0.5790999999999968,0.512064,-0.448654,5.14815
0.5829999999999984,0.512064,-0.448654,5.14815
0.5858999999999952,0.396012,-0.0789631,5.15294
0.5887999999999991,0.396012,-0.0789631,5.15294
0.5936999999999983,0.396012,-0.0789631,5.15294
0.5966999999999985,0.282353,0.664008,5.16251
0.5995999999999952,0.282353,0.664008,5.16251
0.6024999999999991,0.282353,0.664008,5.16251
0.6053999999999959,0.149551,1.22512,5.20678
0.6094000000000008,0.149551,1.22512,5.20678
0.6122999999999976,0.149551,1.22512,5.20678
0.6152000000000015,0.0897308,1.49312,5.22233
0.6180999999999983,0.0897308,1.49312,5.22233
0.6219999999999999,0.0897308,1.49312,5.22233
0.625,0.0897308,1.49312,5.19123
0.6278999999999968,0.105284,1.28853,5.19123
0.6317999999999984,0.105284,1.28853,5.19123
0.6356999999999999,0.105284,1.28853,5.19123
0.6387,-0.248853,0.318245,5.17089
0.6405999999999992,-0.248853,0.318245,5.17089
0.6445000000000007,-0.248853,0.318245,5.17089
0.6473999999999975,-0.327816,-0.342173,5.12064
0.6503999999999976,-0.327816,-0.342173,5.12064
0.6542999999999992,-0.327816,-0.342173,5.12064
0.657199999999996,-0.465404,-0.656829,5.14098
0.6600999999999999,-0.465404,-0.656829,5.14098
0.6631,-0.465404,-0.656829,5.14098
0.6670000000000016,-0.65324,-1.10907,5.10867
0.6698999999999984,-0.65324,-1.10907,5.10867
0.6727999999999952,-0.65324,-1.10907,5.10867
0.6777000000000015,-0.455832,-0.68674,5.11346
0.6805999999999983,-0.455832,-0.68674,5.11346
0.6826000000000008,-0.455832,-0.68674,5.11346
0.6854999999999976,-0.325424,0.020339,5.1661
0.6893999999999991,-0.325424,0.020339,5.1661
0.6923999999999992,-0.325424,0.020339,5.1661
0.6963000000000008,-0.215354,0.479761,5.14935
0.6991999999999976,-0.215354,0.479761,5.14935
0.7021000000000015,-0.215354,0.479761,5.14935
0.705999999999996,-0.254835,0.352941,5.17089
0.7089999999999961,-0.254835,0.352941,5.17089
0.7119,-0.254835,0.352941,5.17089
0.7158000000000015,-0.254835,0.193819,5.14217
0.719699999999996,-0.253639,0.193819,5.14217
0.7225999999999999,-0.253639,0.193819,5.14217
0.7245999999999952,-0.253639,0.193819,5.14217
0.7284999999999968,-0.285942,0.148355,5.14337
0.7314000000000007,-0.285942,0.148355,5.14337
0.7344000000000008,-0.285942,0.148355,5.14337
0.7382999999999953,-0.381655,0.206979,5.1673
0.7411999999999992,-0.381655,0.206979,5.1673
0.744099999999996,-0.381655,0.206979,5.1673
0.7479999999999976,-0.470189,0.329013,5.16251
0.7509999999999977,-0.470189,0.329013,5.16251
0.7539000000000016,-0.470189,0.329013,5.16251
0.7567999999999984,-0.534796,0.190229,5.1673
0.7616999999999976,-0.534796,0.190229,5.1673
0.7646000000000015,-0.534796,0.190229,5.1673
0.7665999999999968,-0.598205,-0.205783,5.12303
0.7704999999999984,-0.598205,-0.205783,5.12303
0.7733999999999952,-0.598205,-0.205783,5.12303
0.7762999999999991,-0.582652,-0.775274,5.13739
0.7792999999999992,-0.582652,-0.775274,5.13739
0.7832000000000008,-0.582652,-0.775274,5.13739
0.7860999999999976,-0.582652,-1.03489,5.10987
0.7890000000000015,-0.591027,-1.03489,5.10987
0.7928999999999959,-0.591027,-1.03489,5.10987
0.795899999999996,-0.591027,-0.862612,5.11824
0.7997999999999976,-0.595812,-0.862612,5.11824
0.8036999999999992,-0.595812,-0.862612,5.11824
0.8055999999999983,-0.595812,-0.862612,5.11824
0.8085999999999984,-0.557527,-0.451047,5.14337
0.8125,-0.557527,-0.451047,5.14337
0.8153999999999968,-0.557527,-0.451047,5.14337
0.8183000000000007,-0.512064,-0.066999,5.14217
0.8221999999999952,-0.512064,-0.066999,5.14217
0.8251999999999953,-0.512064,-0.066999,5.14217
0.8280999999999992,-0.485743,0.0275174,5.14935
0.8320000000000007,-0.485743,0.0275174,5.14935
0.8348999999999975,-0.485743,0.0275174,5.14935
0.8378999999999976,-0.599402,-0.09332,5.14457
0.8408000000000015,-0.599402,-0.09332,5.14457
0.8457000000000008,-0.599402,-0.09332,5.14457
0.8475999999999999,-0.649651,-0.12323,5.11585
0.8506,-0.649651,-0.12323,5.11585
0.8534999999999968,-0.649651,-0.12323,5.11585
0.8573999999999984,-0.518046,-0.541974,5.14696
0.8602999999999952,-0.518046,-0.541974,5.14696
0.8632999999999953,-0.518046,-0.541974,5.14696
0.8661999999999992,-0.599402,-0.698704,5.12303
0.8701000000000008,-0.599402,-0.698704,5.12303
0.8729999999999976,-0.599402,-0.698704,5.12303
0.8759999999999977,-0.599402,-0.698704,5.12303
0.8798999999999992,-0.537188,-0.820738,5.12183
0.882799999999996,-0.537188,-0.820738,5.12183
0.8866999999999976,-0.537188,-0.820738,5.12183
0.8896000000000015,-0.382851,-0.997807,5.13499
0.893499999999996,-0.382851,-0.997807,5.13499
0.8964999999999961,-0.382851,-0.997807,5.13499
0.9003999999999976,-0.306281,-0.952343,5.09551
0.9033000000000015,-0.306281,-0.952343,5.09551
0.9061999999999983,-0.306281,-0.952343,5.09551
0.9100999999999999,-0.179462,-0.995414,5.08594
0.9131,-0.179462,-0.995414,5.08594
0.9159999999999968,-0.179462,-0.995414,5.08594
0.9189000000000007,-0.0945164,-1.01216,5.14098
0.9227999999999952,-0.0945164,-1.01216,5.14098
0.9266999999999967,-0.0945164,-1.01216,5.14098
0.9296999999999969,-0.0167497,-1.03968,5.10389
0.9326000000000008,-0.0167497,-1.03968,5.10389
0.9354999999999976,-0.0167497,-1.03968,5.10389
0.9384999999999977,-0.0251246,-1.08634,5.11346
0.9414000000000016,-0.0251246,-1.08634,5.11346
0.945299999999996,-0.0251246,-1.08634,5.11346
0.9481999999999999,0.0753739,-1.07677,5.12183
0.9512,0.0753739,-1.07677,5.12183
0.9551000000000016,0.0753739,-1.07677,5.12183
0.9579999999999984,0.0753739,-1.06481,5.11585
0.9608999999999952,0.0801595,-1.06481,5.11585
0.9637999999999991,0.0801595,-1.06481,5.11585
0.9686999999999983,0.0801595,-1.06481,5.11585
0.9716999999999985,0.09332,-1.01575,5.10149
0.9735999999999976,0.09332,-1.01575,5.10149
0.9774999999999991,0.09332,-1.01575,5.10149
0.9803999999999959,0.244068,-1.07198,5.10987
0.983399999999996,0.244068,-1.07198,5.10987
0.9863,0.244068,-1.07198,5.10987
0.9902000000000015,0.174676,-1.14018,5.11465
0.9930999999999983,0.174676,-1.14018,5.11465
0.9969999999999999,0.174676,-1.14018,5.11465
1.0,0.218943,-1.21316,5.0979
1.0039000000000016,0.218943,-1.21316,5.0979
1.0067999999999984,0.218943,-1.21316,5.0979
1.0107,0.285942,-1.19761,5.12782
1.0137,0.285942,-1.19761,5.12782
1.0165999999999968,0.285942,-1.19761,5.12782
1.0195000000000007,0.379262,-1.00857,5.10867
1.0223999999999975,0.379262,-1.00857,5.10867
1.0253999999999976,0.379262,-1.00857,5.10867
1.0292999999999992,0.455832,-0.87338,5.12423
1.032199999999996,0.455832,-0.87338,5.12423
1.0351,0.455832,-0.87338,5.12423
1.0381,0.455832,-0.851844,5.13858
1.0420000000000016,0.547956,-0.851844,5.13858
1.0448999999999984,0.547956,-0.851844,5.13858
1.0477999999999952,0.547956,-0.851844,5.14935
1.0516999999999967,0.515653,-0.772881,5.14935
1.0555999999999983,0.515653,-0.772881,5.14935
1.0576000000000008,0.515653,-0.772881,5.14935
1.0604999999999976,0.465404,-0.872184,5.08953
1.0643999999999991,0.465404,-0.872184,5.08953
1.0673999999999992,0.465404,-0.872184,5.08953
1.070299999999996,0.457029,-0.555135,5.1661
1.0741999999999976,0.457029,-0.555135,5.1661
1.0771000000000015,0.457029,-0.555135,5.1661
1.0801000000000016,0.504885,-0.342173,5.1326
1.0829999999999984,0.504885,-0.342173,5.1326
1.0869,0.504885,-0.342173,5.1326
1.0897999999999968,0.454636,-0.122034,5.15414
1.094699999999996,0.454636,-0.122034,5.15414
1.0976,0.454636,-0.122034,5.15414
1.1006,0.325424,0.311067,5.18405
1.1034999999999968,0.325424,0.311067,5.18405
1.1064000000000007,0.325424,0.311067,5.18405
1.1102999999999952,0.331406,0.600598,5.18524
1.1132999999999953,0.331406,0.600598,5.18524
1.1161999999999992,0.331406,0.600598,5.18524
1.119099999999996,0.334995,0.705882,5.16132
1.1229999999999976,0.334995,0.705882,5.16132
1.1259999999999977,0.334995,0.705882,5.16132
1.1289000000000016,0.334995,1.09591,5.19003
1.1317999999999984,0.271585,1.09591,5.19003
1.1366999999999976,0.271585,1.09591,5.19003
1.1396000000000015,0.271585,1.09591,5.19003
1.1415999999999968,0.240479,1.3986,5.2008
1.1454999999999984,0.240479,1.3986,5.2008
1.1483999999999952,0.240479,1.3986,5.2008
1.151299999999999,0.224925,1.46441,5.22951
1.1542999999999992,0.224925,1.46441,5.22951
1.1582000000000008,0.224925,1.46441,5.22951
1.1610999999999976,0.13998,1.57807,5.20678
1.1640000000000015,0.13998,1.57807,5.20678
1.167899999999996,0.13998,1.57807,5.20678
1.170899999999996,0.117248,1.5661,5.21515
1.1738,0.117248,1.5661,5.21515
1.1777000000000015,0.117248,1.5661,5.21515
1.1805999999999983,0.111266,1.37587,5.1996
1.1835999999999984,0.111266,1.37587,5.1996
1.1864999999999952,0.111266,1.37587,5.1996
1.1893999999999991,0.0969093,1.34357,5.19003
1.1933000000000007,0.0969093,1.34357,5.19003
1.1963000000000008,0.0969093,1.34357,5.19003
1.2001999999999953,-0.143569,1.31605,5.22113
1.2030999999999992,-0.143569,1.31605,5.22113
1.205999999999996,-0.143569,1.31605,5.22113
1.2098999999999975,-0.143569,1.24427,5.16969
1.2128999999999976,-0.245264,1.24427,5.16969
1.2158000000000015,-0.245264,1.24427,5.16969
1.219699999999996,-0.245264,1.24427,5.16969
1.2226,-0.399601,1.03848,5.21157
1.2256,-0.399601,1.03848,5.21157
1.2284999999999968,-0.399601,1.03848,5.21157
1.2314000000000007,-0.568295,0.815952,5.17567
1.2352999999999952,-0.568295,0.815952,5.17567
1.2382999999999953,-0.568295,0.815952,5.17567
1.2411999999999992,-0.647258,0.64008,5.18165
1.244099999999996,-0.647258,0.64008,5.18165
1.2479999999999976,-0.647258,0.64008,5.18165
1.2509999999999977,-0.616152,0.533599,5.15653
1.2539000000000016,-0.616152,0.533599,5.15653
1.2567999999999984,-0.616152,0.533599,5.15653
1.2616999999999976,-0.628116,0.323031,5.11944
1.2646000000000015,-0.628116,0.323031,5.11944
1.2665999999999968,-0.628116,0.323031,5.11944
1.2695000000000007,-0.628116,0.323031,5.18046
1.2733999999999952,-0.736989,0.221336,5.18046
1.276299999999999,-0.736989,0.221336,5.18046
1.2792999999999992,-0.736989,0.221336,5.18046
1.282199999999996,-0.764506,-0.0382851,5.13978
1.2860999999999976,-0.764506,-0.0382851,5.13978
1.2890000000000015,-0.764506,-0.0382851,5.13978
1.2920000000000016,-0.750149,-0.275174,5.11226
1.295899999999996,-0.750149,-0.275174,5.11226
1.2988,-0.750149,-0.275174,5.11226
1.3036999999999992,-0.738185,-0.39003,5.13978
1.3055999999999983,-0.738185,-0.39003,5.13978
1.3085999999999984,-0.738185,-0.39003,5.13978
1.3114999999999952,-0.683151,-0.53001,5.12662
1.3153999999999968,-0.683151,-0.53001,5.12662
1.3183000000000007,-0.683151,-0.53001,5.12662
1.3213000000000008,-0.586241,-0.745364,5.12303
1.3241999999999976,-0.586241,-0.745364,5.12303
1.3280999999999992,-0.586241,-0.745364,5.12303
1.330999999999996,-0.521635,-0.880558,5.10269
1.333999999999996,-0.521635,-0.880558,5.10269
1.3369,-0.521635,-0.880558,5.10269
1.3408000000000015,-0.372084,-1.17966,5.1003
1.344699999999996,-0.372084,-1.17966,5.1003
1.3476,-0.372084,-1.17966,5.1003
1.3506,-0.372084,-1.17966,5.1003
1.3534999999999968,-0.346959,-1.01216,5.09073
1.3564000000000007,-0.346959,-1.01216,5.09073
1.3594000000000008,-0.346959,-1.01216,5.09073
1.3622999999999976,-0.491725,-0.742971,5.11226
1.3661999999999992,-0.491725,-0.742971,5.11226
1.369099999999996,-0.491725,-0.742971,5.11226
1.3719999999999999,-0.569491,-0.325424,5.1326
1.3759999999999977,-0.569491,-0.325424,5.1326
1.3789000000000016,-0.569491,-0.325424,5.1326
1.3817999999999984,-0.588634,-0.151944,5.12542
1.3857,-0.588634,-0.151944,5.12542
1.3896000000000015,-0.588634,-0.151944,5.12542
1.3915999999999968,-0.491725,-0.00119641,5.14576
1.3954999999999984,-0.491725,-0.00119641,5.14576
1.3983999999999952,-0.491725,-0.00119641,5.14576
1.401299999999999,-0.269192,-0.382851,5.11824
1.4042999999999992,-0.269192,-0.382851,5.11824
1.4082000000000008,-0.269192,-0.382851,5.11824
1.4110999999999976,-0.417547,-0.709471,5.12423
1.4140000000000015,-0.417547,-0.709471,5.12423
1.417899999999996,-0.417547,-0.709471,5.12423
1.420899999999996,-0.417547,-0.709471,5.11705
1.4238,-0.437886,-0.722632,5.11705
1.4277000000000015,-0.437886,-0.722632,5.11705
1.4305999999999983,-0.437886,-0.722632,5.11705
1.4335999999999984,-0.317049,-0.772881,5.11585
1.4364999999999952,-0.317049,-0.772881,5.11585
1.4393999999999991,-0.317049,-0.772881,5.11585
1.4433000000000007,-0.0981057,-0.775274,5.12183
1.4463000000000008,-0.0981057,-0.775274,5.12183
1.4491999999999976,-0.0981057,-0.775274,5.12183
1.4521000000000015,-0.0741774,-0.705882,5.12542
1.455999999999996,-0.0741774,-0.705882,5.12542
1.458999999999996,-0.0741774,-0.705882,5.12542
1.4619,-0.0382851,-0.597009,5.1338
1.4647999999999968,-0.0382851,-0.597009,5.1338
1.469699999999996,-0.0382851,-0.597009,5.1338
1.4726,-0.0442672,-0.613759,5.1326
1.4745999999999952,-0.0442672,-0.613759,5.1326
1.4784999999999968,-0.0442672,-0.613759,5.1326
1.4814000000000007,-0.0442672,-0.637687,5.11106
1.4844000000000008,0.0299103,-0.637687,5.11106
1.4872999999999976,0.0299103,-0.637687,5.11106
1.4911999999999992,0.0299103,-0.637687,5.11106
1.4951000000000008,0.202193,-0.618544,5.14217
1.4979999999999976,0.202193,-0.618544,5.14217
1.5009999999999977,0.202193,-0.618544,5.14217
1.5048999999999992,0.253639,-0.504885,5.12183
1.507799999999996,0.253639,-0.504885,5.12183
1.5116999999999976,0.253639,-0.504885,5.12183
1.5146000000000015,0.2668,-0.445065,5.11944
1.5176000000000016,0.2668,-0.445065,5.11944
1.5204999999999984,0.2668,-0.445065,5.11944
1.5233999999999952,0.232104,-0.388834,5.14337
1.5272999999999968,0.232104,-0.388834,5.14337
1.5302999999999969,0.232104,-0.388834,5.14337
1.5332000000000008,0.215354,-0.434297,5.1314
1.5360999999999976,0.215354,-0.434297,5.1314
1.5399999999999991,0.215354,-0.434297,5.1314
1.542899999999996,0.30987,-0.537188,5.1338
1.545899999999996,0.30987,-0.537188,5.1338
1.5497999999999976,0.30987,-0.537188,5.1338
1.5536999999999992,0.297906,-0.339781,5.12782
1.5555999999999983,0.297906,-0.339781,5.12782
1.5585999999999984,0.297906,-0.339781,5.12782
1.5625,0.267996,-0.34337,5.13021
1.5653999999999968,0.267996,-0.34337,5.13021
1.5683000000000007,0.267996,-0.34337,5.13021
1.5721999999999952,0.267996,-0.34337,5.13499
1.5751999999999953,0.234496,-0.600598,5.13499
1.5780999999999992,0.234496,-0.600598,5.13499
1.580999999999996,0.234496,-0.600598,5.13499
1.5848999999999975,0.20339,-0.782452,5.11226
1.5878999999999976,0.20339,-0.782452,5.11226
1.5908000000000015,0.20339,-0.782452,5.11226
1.5957000000000008,0.244068,-0.789631,5.10987
1.5985999999999976,0.244068,-0.789631,5.10987
1.6015000000000015,0.244068,-0.789631,5.10987
1.6045000000000016,0.246461,-0.888933,5.12901
1.6073999999999984,0.246461,-0.888933,5.12901
1.6113,0.246461,-0.888933,5.12901
1.6141999999999967,0.315852,-0.685543,5.12542
1.6171999999999969,0.315852,-0.685543,5.12542
1.6201000000000008,0.315852,-0.685543,5.12542
1.6239999999999952,0.35653,-0.388834,5.13619
1.6268999999999991,0.35653,-0.388834,5.13619
1.6298999999999992,0.35653,-0.388834,5.13619
1.6346999999999952,0.372084,-0.242871,5.15055
1.6376999999999953,0.372084,-0.242871,5.15055
1.6396000000000015,0.372084,-0.242871,5.15055
1.6426000000000016,0.364905,-0.327816,5.12303
1.646499999999996,0.364905,-0.327816,5.12303
1.6494,0.364905,-0.327816,5.12303
1.6522999999999968,0.364905,-0.327816,5.20798
1.6552999999999969,0.306281,0.111266,5.20798
1.6591999999999985,0.306281,0.111266,5.20798
1.6620999999999952,0.306281,0.111266,5.20798
1.6649999999999991,0.321834,0.312263,5.22712
1.6689000000000007,0.321834,0.312263,5.22712
1.6719000000000008,0.321834,0.312263,5.22712
1.6747999999999976,0.297906,0.337388,5.2008
1.6786999999999992,0.297906,0.337388,5.2008
1.6805999999999983,0.297906,0.337388,5.2008
1.6844999999999999,0.165105,0.521635,5.17926
1.6875,0.165105,0.521635,5.17926
1.6903999999999968,0.165105,0.521635,5.17926
1.7021000000000015,0.118445,0.411565,5.08714
1.7051000000000016,0.0239282,0.504885,5.07637
1.7079999999999984,0.0239282,0.504885,5.07637
1.7119,0.0239282,0.504885,5.07637
1.7147999999999968,-0.0143569,0.778863,5.14457
1.7186999999999983,-0.0143569,0.778863,5.14457
1.7226,-0.0143569,0.778863,5.14457
1.7245999999999952,-0.00478564,0.867398,5.17328
1.7274999999999991,-0.00478564,0.867398,5.17328
1.7314000000000007,-0.00478564,0.867398,5.17328
1.7344000000000008,0.0346959,0.692722,5.17926
1.7372999999999976,0.0346959,0.692722,5.17926
1.7411999999999992,0.0346959,0.692722,5.17926
1.744099999999996,-0.199801,0.613759,5.17328
1.7469999999999999,-0.199801,0.613759,5.17328
1.7509999999999977,-0.199801,0.613759,5.17328
1.7539000000000016,-0.417547,0.698704,5.16849
1.7567999999999984,-0.417547,0.698704,5.16849
1.7607,-0.417547,0.698704,5.16849
1.7646000000000015,-0.417547,0.698704,5.25463
1.7665999999999968,-0.44985,0.725025,5.25463
1.7695000000000007,-0.44985,0.725025,5.25463
1.7733999999999952,-0.44985,0.725025,5.25463
1.776299999999999,-0.549152,0.904486,5.24148
1.7792999999999992,-0.549152,0.904486,5.24148
1.7832000000000008,-0.549152,0.904486,5.24148
1.7860999999999976,-0.547956,0.731007,5.1661
1.7890000000000015,-0.547956,0.731007,5.1661
1.792899999999996,-0.547956,0.731007,5.1661
1.795899999999996,-0.534796,0.739382,5.17567
1.7997999999999976,-0.534796,0.739382,5.17567
1.8036999999999992,-0.534796,0.739382,5.17567
1.8055999999999983,-0.742971,0.833898,5.1673
1.8085999999999984,-0.742971,0.833898,5.1673
1.8125,-0.742971,0.833898,5.1673
1.8153999999999968,-0.6999,0.874576,5.18524
1.8183000000000007,-0.6999,0.874576,5.18524
1.8221999999999952,-0.6999,0.874576,5.18524
1.8251999999999953,-0.693918,0.800399,5.14457
1.8290999999999968,-0.693918,0.800399,5.14457
1.8320000000000007,-0.693918,0.800399,5.14457
1.8348999999999975,-0.766899,0.413958,5.15653
1.8378999999999976,-0.766899,0.413958,5.15653
1.8417999999999992,-0.766899,0.413958,5.15653
1.8457000000000008,-0.731007,-0.0753739,5.15294
1.8485999999999976,-0.731007,-0.0753739,5.15294
1.8515000000000015,-0.731007,-0.0753739,5.15294
1.8545000000000016,-0.719043,-0.187836,5.12901
1.8573999999999984,-0.719043,-0.187836,5.12901
1.8613,-0.719043,-0.187836,5.12901
1.8641999999999967,-0.719043,-0.410369,5.10987
1.8671999999999969,-0.726221,-0.410369,5.10987
1.8710999999999984,-0.726221,-0.410369,5.10987
1.8739999999999952,-0.726221,-0.410369,5.10987
1.8768999999999991,-0.723828,-0.382851,5.1326
1.8798999999999992,-0.723828,-0.382851,5.1326
1.8846999999999952,-0.723828,-0.382851,5.1326
1.8876999999999953,-0.662812,-0.40319,5.1003
1.8905999999999992,-0.662812,-0.40319,5.1003
1.893499999999996,-0.662812,-0.40319,5.1003
1.8973999999999975,-0.611366,-0.417547,5.12542
1.9003999999999976,-0.611366,-0.417547,5.12542
1.9033000000000015,-0.611366,-0.417547,5.12542
1.907199999999996,-0.613759,-0.361316,5.13021
1.9101,-0.613759,-0.361316,5.13021
1.9131,-0.613759,-0.361316,5.13021
1.9159999999999968,-0.537188,-0.48335,5.12782
1.9198999999999984,-0.537188,-0.48335,5.12782
1.9227999999999952,-0.537188,-0.48335,5.12782
1.9266999999999967,-0.579063,-0.583848,5.11346
1.9296999999999969,-0.579063,-0.583848,5.11346
1.9326000000000008,-0.579063,-0.583848,5.11346
1.9354999999999976,-0.55992,-0.564706,5.11226
1.9384999999999977,-0.55992,-0.564706,5.11226
1.9414000000000016,-0.55992,-0.564706,5.11226
1.945299999999996,-0.55992,-0.564706,5.11824
1.9482,-0.482153,-0.531206,5.11824
1.9512,-0.482153,-0.531206,5.11824
1.9551000000000016,-0.482153,-0.531206,5.11824
1.9579999999999984,-0.470189,-0.423529,5.12303
1.9608999999999952,-0.470189,-0.423529,5.12303
1.963799999999999,-0.470189,-0.423529,5.12303
1.9686999999999983,-0.342173,-0.401994,5.16012
1.9716999999999985,-0.342173,-0.401994,5.16012
1.9735999999999976,-0.342173,-0.401994,5.16012
1.9765000000000015,-0.391226,-0.504885,5.07637
1.980399999999996,-0.391226,-0.504885,5.07637
1.983399999999996,-0.391226,-0.504885,5.07637
1.9863,-0.385244,-0.643669,5.14815
1.9891999999999967,-0.385244,-0.643669,5.14815
1.9930999999999983,-0.385244,-0.643669,5.14815
1.9969999999999999,-0.311067,-0.683151,5.15055
2.0,-0.311067,-0.683151,5.15055
2.002899999999997,-0.311067,-0.683151,5.15055
2.0058000000000007,-0.15673,-0.74656,5.08714
2.0107,-0.15673,-0.74656,5.08714
2.0137,-0.15673,-0.74656,5.08714
2.015599999999999,-0.281156,-0.747756,5.11226
2.018499999999996,-0.281156,-0.747756,5.11226
2.0223999999999975,-0.281156,-0.747756,5.11226
2.0253999999999976,-0.281156,-0.747756,5.11226
2.0283000000000015,-0.352941,-0.848255,5.11585
2.032199999999996,-0.352941,-0.848255,5.11585
2.0351,-0.352941,-0.848255,5.11585
2.0381,-0.189033,-1.00259,5.11824
2.0420000000000016,-0.189033,-1.00259,5.11824
2.0448999999999984,-0.189033,-1.00259,5.11824
2.047799999999995,-0.206979,-0.990628,5.10149
2.0527000000000015,-0.206979,-0.990628,5.10149
2.0555999999999983,-0.206979,-0.990628,5.10149
2.0576000000000008,-0.102891,-0.954736,5.12423
2.0604999999999976,-0.102891,-0.954736,5.12423
2.0634999999999977,-0.102891,-0.954736,5.12423
2.0673999999999992,0.00119641,-0.927218,5.11106
2.070299999999996,0.00119641,-0.927218,5.11106
2.0732,0.00119641,-0.927218,5.11106
2.0771000000000015,0.0394815,-0.908076,5.04766
2.0801000000000016,0.0394815,-0.908076,5.04766
2.0829999999999984,0.0394815,-0.908076,5.04766
2.085899999999995,0.0837487,-1.0014,5.17089
2.0897999999999968,0.0837487,-1.0014,5.17089
2.0936999999999983,0.0837487,-1.0014,5.17089
2.0976,0.0837487,-1.19761,5.11226
2.0995999999999952,0.100498,-1.19761,5.11226
2.103499999999997,0.100498,-1.19761,5.11226
2.1064000000000007,0.217747,-1.29093,5.08355
2.109400000000001,0.217747,-1.29093,5.08355
2.1132999999999953,0.217747,-1.29093,5.08355
2.116199999999999,0.217747,-1.29093,5.08355
2.119099999999996,0.278764,-1.34716,5.07757
2.1229999999999976,0.278764,-1.34716,5.07757
2.1259999999999977,0.278764,-1.34716,5.07757
2.1289000000000016,0.31346,-1.51466,5.08833
2.1317999999999984,0.31346,-1.51466,5.08833
2.1366999999999976,0.31346,-1.51466,5.08833
2.1396000000000015,0.331406,-1.81615,5.07398
2.141599999999997,0.331406,-1.81615,5.07398
2.1454999999999984,0.331406,-1.81615,5.07398
2.148399999999995,0.387637,-1.85204,5.10748
2.151299999999999,0.387637,-1.85204,5.10748
2.155299999999997,0.387637,-1.85204,5.10748
2.158200000000001,0.494118,-1.78504,5.08355
2.1610999999999976,0.494118,-1.78504,5.08355
2.164999999999999,0.494118,-1.78504,5.08355
2.167899999999996,0.539581,-1.77906,5.07158
2.170899999999996,0.539581,-1.77906,5.07158
2.1738,0.539581,-1.77906,5.07158
2.178699999999999,0.591027,-1.59242,5.08594
2.1805999999999983,0.591027,-1.59242,5.08594
2.1835999999999984,0.591027,-1.59242,5.08594
2.1864999999999952,0.591027,-1.20359,5.15892
2.190399999999997,0.637687,-1.20359,5.15892
2.1933000000000007,0.637687,-1.20359,5.15892
2.197199999999995,0.637687,-0.994217,5.0991
2.2001999999999953,0.673579,-0.994217,5.0991
2.204099999999997,0.673579,-0.994217,5.0991
2.2070000000000007,0.673579,-0.994217,5.10628
2.2098999999999975,0.583848,-1.18205,5.10628
2.213799999999999,0.583848,-1.18205,5.10628
2.216799999999999,0.583848,-1.18205,5.10628
2.220700000000001,0.555135,-0.911665,5.06799
2.2226,0.555135,-0.911665,5.06799
2.2265000000000015,0.555135,-0.911665,5.06799
2.2295000000000016,0.454636,-0.644865,5.07996
2.2323999999999984,0.454636,-0.644865,5.07996
2.2363,0.454636,-0.644865,5.07996
2.2391999999999967,0.41994,-0.230907,5.15892
2.242199999999997,0.41994,-0.230907,5.15892
2.2451000000000008,0.41994,-0.230907,5.15892
2.2489999999999952,0.357727,0.199801,5.16012
2.251899999999999,0.357727,0.199801,5.16012
2.2548999999999992,0.357727,0.199801,5.16012
2.257799999999996,0.133998,0.561116,5.17806
2.2626999999999953,0.133998,0.561116,5.17806
2.2646000000000015,0.133998,0.561116,5.17806
2.2676000000000016,0.0,0.870987,5.17567
2.2704999999999984,0.0,0.870987,5.17567
2.2744,0.0,0.870987,5.17567
2.2772999999999968,0.0,0.870987,5.19123
2.280299999999997,0.00358923,1.3663,5.19123
2.283200000000001,0.00358923,1.3663,5.19123
2.2870999999999952,0.00358923,1.3663,5.19123
2.289999999999999,-0.0478564,1.88913,5.23669
2.2939000000000007,-0.0478564,1.88913,5.23669
2.296900000000001,-0.0478564,1.88913,5.23669
2.2997999999999976,-0.0586241,2.23968,5.23549
2.304699999999997,-0.0586241,2.23968,5.23549
2.306599999999996,-0.0586241,2.23968,5.23549
2.3095,-0.0825523,2.42512,5.24028
2.3125,-0.0825523,2.42512,5.24028
2.3164000000000016,-0.0825523,2.42512,5.24028
2.3192999999999984,-0.0323031,2.54357,5.24506
2.322199999999995,-0.0323031,2.54357,5.24506
2.3262,-0.0323031,2.54357,5.24506
2.329099999999997,-0.235693,2.49691,5.24267
2.3320000000000007,-0.235693,2.49691,5.24267
2.3348999999999975,-0.235693,2.49691,5.24267
2.338799999999999,-0.189033,2.33539,5.2331
2.341799999999999,-0.189033,2.33539,5.2331
2.345700000000001,-0.189033,2.33539,5.2331
2.3485999999999976,-0.0610169,2.01356,5.25344
2.3515000000000015,-0.0610169,2.01356,5.25344
2.3545000000000016,-0.0610169,2.01356,5.25344
2.3573999999999984,-0.0610169,2.01356,5.25344
2.3613,-0.0490528,1.96211,5.20917
2.3641999999999967,-0.0490528,1.96211,5.20917
2.367199999999997,-0.0490528,1.96211,5.20917
2.3701000000000008,-0.238086,2.15593,5.22832
2.3739999999999952,-0.238086,2.15593,5.22832
2.376899999999999,-0.238086,2.15593,5.22832
2.3798999999999992,-0.392423,2.25523,5.22592
2.384699999999995,-0.392423,2.25523,5.22592
2.3876999999999953,-0.392423,2.25523,5.22592
2.3896000000000015,-0.492921,2.26002,5.24985
2.393499999999996,-0.492921,2.26002,5.24985
2.396499999999996,-0.492921,2.26002,5.24985
2.4003999999999976,-0.58983,2.36411,5.22353
2.4033000000000015,-0.58983,2.36411,5.22353
2.4061999999999983,-0.58983,2.36411,5.22353
2.4091999999999985,-0.827916,1.86999,5.21635
2.4131,-0.827916,1.86999,5.21635
2.415999999999997,-0.827916,1.86999,5.21635
2.4189000000000007,-0.964307,1.34835,5.18165
2.422799999999995,-0.964307,1.34835,5.18165
2.4266999999999967,-0.964307,1.34835,5.18165
2.429699999999997,-1.0672,0.981057,5.15533
2.431599999999996,-1.0672,0.981057,5.15533
2.4354999999999976,-1.0672,0.981057,5.15533
2.4384999999999977,-1.0672,0.981057,5.1661
2.4414000000000016,-1.20957,0.54676,5.1661
2.445299999999996,-1.20957,0.54676,5.1661
2.4482,-1.20957,0.54676,5.1661
2.4512,-1.1007,0.149551,5.11465
2.454099999999997,-1.1007,0.149551,5.11465
2.4579999999999984,-1.1007,0.149551,5.11465
2.460899999999995,-1.01695,-0.0741774,5.11585
2.463799999999999,-1.01695,-0.0741774,5.11585
2.4686999999999983,-1.01695,-0.0741774,5.11585
2.4716999999999985,-1.01216,-0.175872,5.15533
2.4735999999999976,-1.01216,-0.175872,5.15533
2.4765000000000015,-1.01216,-0.175872,5.15533
2.480399999999996,-0.941575,-0.159123,5.10987
2.483399999999996,-0.941575,-0.159123,5.10987
2.4863,-0.941575,-0.159123,5.10987
2.4902000000000015,-0.876969,0.00478564,5.14217
2.4930999999999983,-0.876969,0.00478564,5.14217
2.497,-0.876969,0.00478564,5.14217
2.5,-0.860219,-0.124427,5.12183
2.502899999999997,-0.860219,-0.124427,5.12183
2.5067999999999984,-0.860219,-0.124427,5.12183
2.5107,-0.9332,-0.323031,5.12303
2.5137,-0.9332,-0.323031,5.12303
2.515599999999999,-0.9332,-0.323031,5.12303
2.518499999999996,-0.9332,-0.323031,5.12303
2.5223999999999975,-0.870987,-0.4666,5.11705
2.5253999999999976,-0.870987,-0.4666,5.11705
2.5283000000000015,-0.870987,-0.4666,5.11705
2.532199999999996,-0.831505,-0.736989,5.11465
2.5351,-0.831505,-0.736989,5.11465
2.5381,-0.831505,-0.736989,5.11465
2.540999999999997,-0.857826,-1.01456,5.07757
2.5448999999999984,-0.857826,-1.01456,5.07757
2.547799999999995,-0.857826,-1.01456,5.07757
2.5516999999999967,-0.837487,-1.12104,5.0979
2.554699999999997,-0.837487,-1.12104,5.0979
2.5576000000000008,-0.837487,-1.12104,5.0979
2.5604999999999976,-0.723828,-1.15813,5.10628
2.5634999999999977,-0.723828,-1.15813,5.10628
2.5664000000000016,-0.723828,-1.15813,5.10628
2.570299999999996,-0.76331,-1.27657,5.10389
2.5732,-0.76331,-1.27657,5.10389
2.5762,-0.76331,-1.27657,5.10389
2.5801000000000016,-0.76331,-1.35673,5.08355
2.5829999999999984,-0.695115,-1.35673,5.08355
2.585899999999995,-0.695115,-1.35673,5.08355
2.5897999999999968,-0.695115,-1.35673,5.08355
2.5936999999999983,-0.675972,-1.4668,5.08235
2.5976,-0.675972,-1.4668,5.08235
2.5995999999999952,-0.666401,-1.19521,5.09551
2.603499999999997,-0.666401,-1.19521,5.09551
2.6064000000000007,-0.666401,-1.19521,5.09551
2.609400000000001,-0.666401,-1.19521,5.09551
2.6132999999999953,-0.555135,-1.41775,5.09551
2.616199999999999,-0.555135,-1.41775,5.09551
2.619099999999996,-0.555135,-1.41775,5.09551
2.622,-0.458225,-1.267,5.07039
2.6259999999999977,-0.458225,-1.267,5.07039
2.6289000000000016,-0.458225,-1.267,5.07039
2.6317999999999984,-0.448654,-1.48833,5.12183
2.6366999999999976,-0.448654,-1.48833,5.12183
2.6396000000000015,-0.448654,-1.48833,5.12183
2.641599999999997,-0.478564,-1.60558,5.04646
2.6454999999999984,-0.478564,-1.60558,5.04646
2.648399999999995,-0.478564,-1.60558,5.04646
2.651299999999999,-0.472582,-1.49791,5.08235
2.654299999999999,-0.472582,-1.49791,5.08235
2.658200000000001,-0.472582,-1.49791,5.08235
2.6610999999999976,-0.217747,-1.44526,5.11824
2.6640000000000015,-0.217747,-1.44526,5.11824
2.667899999999996,-0.217747,-1.44526,5.11824
2.670899999999996,-0.192622,-1.27418,5.09073
2.6738,-0.192622,-1.27418,5.09073
2.6777000000000015,-0.192622,-1.27418,5.09073
2.6805999999999983,-0.192622,-1.27418,5.07398
2.6835999999999984,0.0382851,-1.33878,5.07398
2.6864999999999952,0.0382851,-1.33878,5.07398
2.689399999999999,0.0382851,-1.33878,5.07398
2.6933000000000007,0.0622133,-1.43569,5.10389
2.697199999999995,0.0622133,-1.43569,5.10389
2.7001999999999953,0.0622133,-1.43569,5.10389
2.703099999999999,0.138784,-1.53858,5.10149
2.705999999999996,0.138784,-1.53858,5.10149
2.7098999999999975,0.138784,-1.53858,5.10149
2.7128999999999976,0.352941,-1.75274,5.10867
2.716799999999999,0.352941,-1.75274,5.10867
2.720700000000001,0.352941,-1.75274,5.10867
2.7226,0.439083,-1.78744,5.03928
2.7256,0.439083,-1.78744,5.03928
2.7295000000000016,0.439083,-1.78744,5.03928
2.7323999999999984,0.58983,-1.68694,5.14457
2.735299999999995,0.58983,-1.68694,5.14457
2.7391999999999967,0.58983,-1.68694,5.14457
2.742199999999997,0.695115,-1.55294,5.07278
2.7451000000000008,0.695115,-1.55294,5.07278
2.7479999999999976,0.695115,-1.55294,5.07278
2.751899999999999,0.726221,-1.38784,5.10389
2.7548999999999992,0.726221,-1.38784,5.10389
2.757799999999996,0.726221,-1.38784,5.10389
2.7616999999999976,0.772881,-1.34835,5.07876
2.7646000000000015,0.772881,-1.34835,5.07876
2.7676000000000016,0.772881,-1.34835,5.07876
2.7704999999999984,0.772881,-1.34835,5.12183
2.7744,0.845862,-1.2,5.12183
2.7772999999999968,0.845862,-1.2,5.12183
2.780299999999997,0.845862,-1.2,5.12183
2.7841999999999985,0.836291,-0.908076,5.10508
2.7870999999999952,0.836291,-0.908076,5.10508
2.789999999999999,0.836291,-0.908076,5.10508
2.7939000000000007,0.751346,-0.544367,5.1673
2.796900000000001,0.751346,-0.544367,5.1673
2.7997999999999976,0.751346,-0.544367,5.1673
2.804699999999997,0.646062,-0.254835,5.09073
2.806599999999996,0.646062,-0.254835,5.09073
2.8095,0.646062,-0.254835,5.09073
2.8125,0.569491,0.0825523,5.16251
2.8164000000000016,0.569491,0.0825523,5.16251
2.8192999999999984,0.569491,0.0825523,5.16251
2.822199999999995,0.413958,0.159123,5.15174
2.8262,0.413958,0.159123,5.15174
2.829099999999997,0.413958,0.159123,5.15174
2.8320000000000007,0.185444,0.372084,5.14696
2.8348999999999975,0.185444,0.372084,5.14696
2.8378999999999976,0.185444,0.372084,5.14696
2.841799999999999,0.185444,0.372084,5.17687
2.845700000000001,0.0514457,0.656829,5.17687
2.8476,0.0514457,0.656829,5.17687
2.8506,0.0514457,0.656829,5.17687
2.8545000000000016,0.00957128,0.85663,5.18165
2.8573999999999984,0.00957128,0.85663,5.18165
2.860299999999995,0.00957128,0.85663,5.18165
2.8641999999999967,-0.040678,0.882951,5.17687
2.867199999999997,-0.040678,0.882951,5.17687
2.8701000000000008,-0.040678,0.882951,5.17687
2.8729999999999976,-0.210568,0.887737,5.2008
2.876899999999999,-0.210568,0.887737,5.2008
2.8798999999999992,-0.210568,0.887737,5.2008
2.882799999999996,-0.404387,0.994217,5.15653
2.8876999999999953,-0.404387,0.994217,5.15653
2.8896000000000015,-0.404387,0.994217,5.15653
2.893499999999996,-0.55992,1.34596,5.21994
2.896499999999996,-0.55992,1.34596,5.21994
2.9003999999999976,-0.55992,1.34596,5.21994
2.9033000000000015,-0.567099,1.74197,5.20917
2.9061999999999983,-0.567099,1.74197,5.20917
2.9101,-0.567099,1.74197,5.20917
2.9131,-0.467796,1.88554,5.21754
2.915999999999997,-0.467796,1.88554,5.21754
2.9198999999999984,-0.467796,1.88554,5.21754
2.922799999999995,-0.172283,1.64148,5.21754
2.9266999999999967,-0.172283,1.64148,5.21754
2.929699999999997,-0.172283,1.64148,5.21754
2.9326000000000008,-0.172283,1.64148,5.21754
2.9354999999999976,-0.93679,0.573081,5.13978
2.9384999999999977,-0.93679,0.573081,5.13978
2.9423999999999992,-0.93679,0.573081,5.13978
2.945299999999996,-1.99442,0.0741774,5.12423
2.9482,-1.99442,0.0741774,5.12423
2.9512,-1.99442,0.0741774,5.12423
2.9551000000000016,-1.56251,0.4666,5.16371
2.9579999999999984,-1.56251,0.4666,5.16371
2.960899999999995,-1.56251,0.4666,5.16371
2.963799999999999,-1.44048,1.30169,5.16849
2.9686999999999983,-1.44048,1.30169,5.16849
2.9716999999999985,-1.44048,1.30169,5.16849
2.9735999999999976,-1.4321,1.8317,5.19242
2.977499999999999,-1.4321,1.8317,5.19242
2.980399999999996,-1.4321,1.8317,5.19242
2.983399999999996,-1.16889,2.12483,5.24506
2.9863,-1.16889,2.12483,5.24506
2.9902000000000015,-1.16889,2.12483,5.24506
2.9930999999999983,-1.16889,2.12483,5.20678
2.997,-0.934397,1.91426,5.20678
3.0,-0.934397,1.91426,5.20678
3.002899999999997,-0.934397,1.62473,5.19242
3.0067999999999984,-1.00379,1.62473,5.19242
3.0107,-1.00379,1.62473,5.19242
3.0137,-1.00379,1.62473,5.19242
3.015599999999999,-0.896111,1.22871,5.17926
3.0195000000000007,-0.896111,1.22871,5.17926
3.0223999999999975,-0.896111,1.22871,5.17926
3.0253999999999976,-0.88654,0.955932,5.18046
3.029299999999999,-0.88654,0.955932,5.18046
3.032199999999996,-0.88654,0.955932,5.18046
3.0351,-0.630508,0.796809,5.17328
3.0390000000000015,-0.630508,0.796809,5.17328
3.0420000000000016,-0.630508,0.796809,5.17328
3.0448999999999984,-0.502492,0.174676,5.11944
3.047799999999995,-0.502492,0.174676,5.11944
3.0527000000000015,-0.502492,0.174676,5.11944
3.0555999999999983,-0.642473,-0.346959,5.14935
3.0576000000000008,-0.642473,-0.346959,5.14935
3.0614999999999952,-0.642473,-0.346959,5.14935
3.064399999999999,-0.526421,-0.516849,5.11585
3.0673999999999992,-0.526421,-0.516849,5.11585
3.070299999999996,-0.526421,-0.516849,5.11585
3.0741999999999976,-0.160319,-0.935593,5.12662
3.0771000000000015,-0.160319,-0.935593,5.12662
3.0801000000000016,-0.160319,-0.935593,5.12662
3.083999999999996,-0.160319,-0.935593,5.07517
3.0869,-0.00837487,-1.35673,5.07517
3.0897999999999968,-0.00837487,-1.35673,5.07517
3.094699999999996,-0.00837487,-1.35673,5.07517
3.0976,0.131605,-1.79462,5.05364
3.1006,0.131605,-1.79462,5.05364
3.103499999999997,0.131605,-1.79462,5.01057
3.1073999999999984,0.471386,-2.0997,5.01057
3.110299999999995,0.471386,-2.0997,5.01057
3.1132999999999953,0.471386,-2.0997,5.01057
3.116199999999999,0.598205,-2.29352,5.08474
3.1201000000000008,0.598205,-2.29352,5.08474
3.1229999999999976,0.598205,-2.29352,5.08474
3.126899999999999,0.772881,-2.20379,5.03569
3.1298999999999992,0.772881,-2.20379,5.03569
3.132799999999996,0.772881,-2.20379,5.03569
3.1366999999999976,0.927218,-2.08175,5.13978
3.1396000000000015,0.927218,-2.08175,5.13978
3.1426000000000016,0.927218,-2.08175,5.13978
3.1454999999999984,1.10309,-1.97527,5.05124
3.1494,1.10309,-1.97527,5.05124
3.1522999999999968,1.10309,-1.97527,5.05124
3.155299999999997,1.14855,-1.82812,5.08833
3.158200000000001,1.14855,-1.82812,5.08833
3.1620999999999952,1.14855,-1.82812,5.08833
3.164999999999999,1.21675,-1.78146,5.11346
3.167899999999996,1.21675,-1.78146,5.11346
3.170899999999996,1.21675,-1.78146,5.11346
3.1747999999999976,1.32921,-1.54815,5.09192
3.178699999999999,1.32921,-1.54815,5.09192
3.1805999999999983,1.32921,-1.54815,5.09192
3.1835999999999984,1.32921,-1.54815,5.09192
3.1875,1.52542,-1.01575,5.1003
3.190399999999997,1.52542,-1.01575,5.1003
3.1933000000000007,1.52542,-1.01575,5.1003
3.197199999999995,1.39621,-0.625723,5.1326
3.2001999999999953,1.39621,-0.625723,5.1326
3.204099999999997,1.39621,-0.625723,5.1326
3.2070000000000007,1.40219,-0.431904,5.13739
3.2098999999999975,1.40219,-0.431904,5.13739
3.2128999999999976,1.40219,-0.431904,5.13739
3.216799999999999,1.60558,-0.598205,5.13739
3.220700000000001,1.60558,-0.598205,5.13739
3.2226,1.60558,-0.598205,5.13739
3.2265000000000015,1.77308,-0.837487,5.15533
