time,acceleration,velocity,position
0.0,-0.0,6.283185307179586,0.0
0.01001001001001001,-2.4813484321838595,6.27076205031318,0.06285329004448194
0.02002002002002002,-4.952884507277805,6.233541406805914,0.12545803018029603
0.03003003003003003,-7.404834670623058,6.171670563663237,0.18756665337583714
0.04004004004004004,-9.827502818981003,6.085394185761108,0.2489335544668916
0.050050050050050046,-12.211308643244825,5.975053448332081,0.30931606138886886
0.06006006006006006,-14.546825513249525,5.841084687806451,0.3684753948102499
0.07007007007007007,-16.82481775486697,5.6840176763436325,0.42617761237243534
0.08008008008008008,-19.036277171975684,5.504473526877031,0.4821945338020477
0.09009009009009009,-21.172458668881312,5.303162236956815,0.5363046432373825
0.10010010010010009,-23.2249148323207,5.080879881103321,0.588293965200805
0.11011011011011011,-25.185529336297137,4.838505462773752,0.6379569107531119
0.12012012012012012,-27.04654903764895,4.576997438390941,0.6850970904837809
0.13013013013013014,-28.800614635431476,4.297389927179676,0.7295280911221884
0.14014014014014015,-30.44078977287138,4.000788621798613,0.7710742126987247
0.15015015015015015,-31.960588466811352,3.6883664159389316,0.809571163340744
0.16016016016016016,-33.35400075617688,3.3613587661801905,0.8448667089558177
0.17017017017017017,-34.615516468039665,3.021058806444633,0.8768212752331536
0.18018018018018017,-35.740147007295995,2.668812234369601,0.9053084995825966
0.19019019019019018,-36.72344508379418,2.3060119898195914,0.9302157308286042
0.20020020020020018,-37.561522298900925,1.934092746581511,0.9514444746831766
0.21021021021021022,-38.25106452196175,1.5545252390253996,0.9689107832361495
0.22022022022022023,-38.78934499584997,1.1688104461655568,0.9825455869226277
0.23023023023023023,-39.174235119779084,0.7784736561208602,0.9922949676548136
0.24024024024024024,-39.40421286673855,0.38505843444605614,0.9981203720381463
0.2502502502502503,-39.47836880226657,-0.009879479814062437,0.9999987638285974
0.2602602602602603,-39.39640968075916,-0.4047783262098937,0.9979227150282433
0.2702702702702703,-39.158659605093845,-0.7980764987835737,0.9919004352588768
0.2802802802802803,-38.7660587449825,-1.1882187213546025,0.9819557392975067
0.2902902902902903,-38.220159619121524,-1.5736621977746945,0.9681279529021187
0.3003003003003003,-37.523120955841264,-1.9528827128310455,0.9504717573001115
0.3103103103103103,-36.67769915653254,-2.3243806596722756,0.9290569729543627
0.3203203203203203,-35.68723739560763,-2.686686969921977,0.9039682834620162
0.3303303303303303,-34.55565240009931,-3.038368923029505,0.8753049006778131
0.34034034034034033,-33.28741896117738,-3.3780358118852853,0.8431801723862224
0.35035035035035034,-31.887552238830935,-3.7043444422962537,0.8077211340738071
0.36036036036036034,-30.36158792969159,-4.016004444574069,0.769068006574317
0.37037037037037035,-28.715560376423028,-4.31178337623168,0.727373641573049
0.38038038038038036,-26.955978705241854,-4.590511595609958,0.6828029171631891
0.39039039039039036,-25.089801085932947,-4.851086887161862,0.6355320858443845
0.40040040040040037,-23.124407216146285,-5.092478820103732,0.5857480775418397
0.41041041041041043,-21.067569138785057,-5.313732823197636,0.5336477604021221
0.42042042042042044,-18.927420507885724,-5.513973959551285,0.47943716228880995
0.43043043043043044,-16.712424424526475,-5.692410386508284,0.4233306560565345
0.44044044044044045,-14.431339969955554,-5.848336486946731,0.365550111825219
0.45045045045045046,-12.093187568281968,-5.981135659603661,0.30632401960678335
0.46046046046046046,-9.707213315700155,-6.090282757391122,0.24588658575385053
0.47047047047047047,-7.282852417306644,-6.175346164061705,0.18447680680349252
0.4804804804804805,-4.829691876095995,-6.235989501011455,0.12233752437845731
0.4904904904904905,-2.357432581680097,-6.271972957470732,0.059714464883209896
0.5005005005005005,0.12414905135089219,-6.283154238822814,-0.0031447322077364425
0.5105105105105106,2.6052397437270227,-6.269489129300206,-0.06599149362662067
0.5205205205205206,5.076028157576399,-6.231031666833483,-0.12857729528186895
0.5305305305305306,7.52674369482585,-6.167933929361237,-0.19065464503306448
0.5405405405405406,9.947695134498383,-6.080445433446163,-0.2519780613851252
0.5505505505505506,12.329308956118064,-5.968912147575408,-0.3123050442314896
0.5605605605605606,14.662167197674837,-5.833775124047067,-0.3713970338075683
0.5705705705705706,16.937044698441802,-5.675568754852899,-0.4290203540623263
0.5805805805805806,19.144945579370397,-5.494918658454339,-0.4849471367174877
0.5905905905905906,21.277138816803546,-5.2925392058084055,-0.5389562223602165
0.6006006006006006,23.32519276883275,-5.069230695426692,-0.5908340350059581
0.6106106106106106,25.281008517766285,-4.825876188638541,-0.6403754266730258
0.6206206206206206,27.136851896857692,-4.563438017573154,-0.6873844886291102
0.6306306306306306,28.88538407464646,-4.282953979669669,-0.7316753261016783
0.6406406406406406,30.519690575966916,-3.985533233763755,-0.7730727933887174
0.6506506506506506,32.033308624863366,-3.6723519139794663,-0.8114131864628659
0.6606606606606606,33.42025270128509,-3.344648478770997,-0.8465448903300604
0.6706706706706707,34.675038210499245,-3.003718813506212,-0.8783289785827684
0.6806806806806807,35.79270317162159,-2.650911105958632,-0.9066397627768893
0.6906906906906907,36.76882783949935,-2.287620514972397,-0.931365289459854
0.7007007007007007,37.59955218235255,-1.9152836533826552,-0.9524077828844512
0.7107107107107107,38.28159114605914,-1.5353729070084463,-0.9696840316576876
0.7207207207207207,38.81224764472246,-1.149390612183271,-0.9831257177957041
0.7307307307307307,39.18942322615039,-0.7588631148479329,-0.9926796868835203
0.7407407407407407,39.41162637007008,-0.36533473469877514,-0.9983081582712682
0.7507507507507507,39.4779783862636,0.029638341740398772,-0.999988874475714
0.7607607607607607,39.388216889300494,0.42449421497307266,-0.9977151891962615
0.7707707707707707,39.142696836126625,0.8176714489764035,-0.9914960935973849
0.7807807807807807,38.7423891224063,1.207615245814877,-0.9813561807535597
0.7907907907907907,38.188876743168336,1.5927835940039574,-0.9673355483972903
0.8008008008008007,37.484348532938476,1.9716533663104148,-0.9494896403548135
0.8108108108108109,36.631590510112616,2.3427263428759657,-0.9278890272965095
0.8208208208208209,35.63397485979893,2.70453513584598,-0.9026191276690338
0.8308308308308309,34.495446598695814,3.0556489920747656,-0.8737798699127286
0.8408408408408409,33.220507974738254,3.3946794509608873,-0.8414852973000504
0.8508508508508509,31.814200663203994,3.7202858350389043,-0.8058631169576691
0.8608608608608609,30.282085829683492,4.031180551615298,-0.7670541948555989
0.8708708708708709,28.6302221387537,4.326134184483612,-0.7252119987603971
0.8808808808808809,26.865141795319488,4.603980355583775,-0.6805019913552525
0.8908908908908909,24.993824713365303,4.863620337380576,-0.6331009759268216
0.9009009009009009,23.023670914265967,5.104027397721789,-0.5831963972062733
0.9109109109109109,20.96247126380566,5.3242508599944784,-0.5309856001293205
0.9209209209209209,18.81837666362381,5.5234198625238555,-0.4766750494464279
0.9309309309309309,16.599865818918996,5.700746802348276,-0.42047951326921434
0.9409409409409409,14.315711709871632,5.855530449752212,-0.36262121378166723
0.950950950950951,11.974946899371924,5.987158721240941,-0.3033289484746265
0.960960960960961,9.586827814242632,6.095111099991336,-0.24283718537858737
0.970970970970971,7.160798141203655,6.1789606942072846,-0.18138513587265162
0.980980980980981,4.706451482327855,6.2383759252400095,-0.11921580873617338
0.990990990990991,2.23349341766483,6.273121838797758,-0.05657504918379272
1.001001001001001,-0.24829687494648772,6.283061034059742,0.006289433316067915
1.011011011011011,-2.7291052911031795,6.2681542070201886,0.06912904459478524
1.021021021021021,-5.199121609179233,6.228460305913897,0.13169528883562395
1.031031031031031,-7.6485782843121735,6.164136298108646,0.19374075123689763
1.0410410410410411,-10.067789073626615,6.075436549386304,0.255020076400311
1.0510510510510511,-12.447187339953501,5.962711818067211,0.31529093857550267
1.0610610610610611,-14.777363882575433,5.826407867955522,0.37431499992401873
1.0710710710710711,-17.04910414539778,5.667063705590549,0.43185885301329774
1.0810810810810811,-19.2534246554083,5.485309448774794,0.4876949438136346
1.0910910910910911,-21.38160854733155,5.2818638348074405,0.5416024715481897
1.1011011011011012,-23.425240033997287,5.057531378276898,0.5933682618376205
1.1111111111111112,-25.376237686111907,4.813199189651732,0.6427876096865393
1.1211211211211212,-27.22688638983016,4.549833467250662,0.6896650889782622
1.1311311311311312,-28.969867855752046,4.268475676464015,0.7338153252767278
1.1411411411411412,-30.59828955869937,3.970238431335595,0.7750637288796014
1.1511511511511512,-32.10571199383075,3.656301094791118,0.8132471852237331
1.1611611611611612,-33.486174141312326,3.3279051149118355,0.8482146999128022
1.1711711711711712,-34.734217038845834,2.9863491156957584,0.8798279958164291
1.1811811811811812,-35.84490536883731,2.632983761719867,0.9079620598795461
1.1911911911911912,-36.813846974841425,2.269206417010699,0.9325056374797073
1.2012012012012012,-37.63721023010475,1.8964556192444562,0.9533616723774294
1.2112112112112112,-38.311739189524765,1.5162053911282365,0.970447690519797
1.2212212212212212,-38.83476646510732,1.129959411457565,0.98369612617961
1.2312312312312312,-39.204223774007026,0.7392450689005956,0.9930545891403677
1.2412412412412412,-39.41865011743893,0.34560742202291317,0.9984860718705224
1.2512512512512513,-39.47719755811865,-0.049396910562358017,0.999969095867747
1.2612612612612613,-39.379634573384045,-0.44420590575797614,0.9974977965944997
1.2712712712712713,-39.126346970739064,-0.8372583129177399,0.9910819466690197
1.2812812812812813,-38.7183363621989,-1.2269998277270824,0.9807469172200398
1.2912912912912913,-38.15721620346996,-1.611889238614723,0.9665335775580415
1.3013013013013013,-37.445205413627185,-1.990404521389788,0.9484981335597952
1.3113113113113113,-36.58511960051964,-2.3610488580034983,0.9267119054052854
1.3213213213213213,-35.58035992660262,-2.722356555634569,0.901261045545945
1.3313313313313313,-34.434899659226325,-3.072898842691501,0.8722461980194862
1.3413413413413413,-33.1532684585667,-3.411289518811971,0.8397821004585404
1.3513513513513513,-31.7405344653311,-3.7361904365166185,0.803997130366941
1.3613613613613613,-30.20228425907238,-4.046316792840235,0.76503279745789
1.3713713713713713,-28.544600766364578,-4.340442210015076,0.7230431840615102
1.3813813813813813,-26.77403920620124,-4.617403585114899,0.6781943358146669
1.3913913913913913,-24.89760116773962,-4.876105689482025,0.6306636050425574
1.4014014014014013,-22.922706922897913,-5.115525499749379,0.5806389494286067
1.4114114114114114,-20.857166083294384,-5.334716243330638,0.5283181887460523
1.4214214214214214,-18.70914671756431,-5.532811142380761,0.4739082225904436
1.4314314314314314,-16.487143051177686,-5.709026841421752,0.4176242122064669
1.4414414414414414,-14.199941876487845,-5.862666505079174,0.35968872964453685
1.4514514514514514,-11.856587805839874,-5.993122573679663,0.30033087761175115
1.4614614614614614,-9.466347505144622,-6.099879165812507,0.2397853834977361
1.4714714714714714,-7.038673049353396,-6.182514118354571,0.17829167115797728
1.4814814814814814,-4.583164544742677,-6.240700655891358,0.11609291412523104
1.4914914914914914,-2.109532165817672,-6.274208682932552,0.05343507399305771
1.5015015015015014,0.37244224304356155,-6.282905693812106,-0.009434072225895224
1.5115115115115114,2.8529438493606065,-6.266757296674665,-0.07226591192058601
1.5215215215215214,5.3221636447702,-6.225827349476285,-0.1348119800065838
1.5315315315315314,7.770337234215217,-6.160277707461629,-0.19682494146770374
1.5415415415415414,10.187783448712773,-6.07036758311622,-0.25805956942884906
1.5515515515515514,12.564942629008728,-5.95645252112481,-0.31827371489230794
1.5615615615615615,14.892414428729206,-5.818982992389305,-0.37722926430276815
1.5715715715715715,17.160994987538018,-5.65850261266613,-0.4346930811543944
1.5815815815815815,19.36171332730017,-5.475645992867381,-0.4904379279164198
1.5915915915915915,21.485866827326042,-5.271136229526561,-0.5442433646315789
1.6016016016016015,23.525055638410326,-5.045782045352764,-0.5958966206338966
1.6116116116116117,25.471215899578,-4.800474591180794,-0.645193435938694
1.6216216216216217,27.316651626182317,-4.5361839219638345,-0.6919388689775459
1.6316316316316317,29.05406514325726,-4.25395516074394,-0.7359480674841035
1.6416416416416417,30.67658594377471,-3.9549043657700165,-0.7770469994822888
1.6516516516516517,32.17779785769016,-3.640214117106302,-0.8150731414862619
1.6616616616616617,33.5517644243374,-3.311128840183948,-0.8498761211906863
1.6716716716716717,34.79305236783839,-2.968949884788554,-0.8813183121098073
1.6816816816816818,35.896753082696556,-2.615030378943363,-0.9092753778138881
1.6916916916916918,36.85850204460973,-2.2507698780382364,-0.9336367636108461
1.7017017017017018,37.67449606974332,-1.877608830364232,-0.954306133728749
1.7117117117117118,38.341508354213616,-1.4970228809393293,-0.9712017522703764
1.7217217217217218,38.85690123430772,-1.110517036150682,-0.9842568064333685
1.7317317317317318,39.21863661698098,-0.7196197122888675,-0.9934196707178107
1.7417417417417418,39.42528403938471,-0.3258766915090652,-0.9986541110764565
1.7517517517517518,39.476026325553576,0.06915499088023348,-0.9999394282002937
1.7617617617617618,39.37066281788347,0.46391320362849436,-0.9972705393728327
1.7717717717717718,39.10961017062095,0.8568368969059357,-0.9906579985694316
1.7817817817817818,38.69390070222683,1.2463722753900037,-0.9801279547221767
1.7917917917917918,38.12517831312902,1.630978942664294,-0.9657220483153547
1.8018018018018018,37.405691985008005,2.0091359926321313,-0.9474972467204297
1.8118118118118118,36.5382868873214,2.379348023856841,-0.9255256189216784
1.8218218218218218,35.526393126236286,2.74015105304523,-0.8998940505233184
1.8318318318318318,34.37401218046164,3.0901183042896396,-0.8707039001651274
1.8418418418418419,33.08570107761881,3.427865851175518,-0.838070598705227
1.8518518518518519,31.666554373724125,3.752058089442997,-0.8021231927550442
1.8618618618618619,30.122184007045124,4.0614130185610655,-0.7630038343715273
1.8718718718718719,28.458697105996556,4.354707311328802,-0.7208672189245859
1.8818818818818819,26.68267183883384,4.630781151456123,-0.6758799733626796
1.8918918918918919,24.80113140064567,4.888542819994004,-0.6282199972956425
1.901901901901902,22.82151624051172,5.1269730124775945,-0.5780757595003705
1.911911911911912,20.751654638652553,5.34512886971012,-0.5256455526313215
1.921921921921922,18.599731749922054,5.542147706248204,-0.47113670908301825
1.931931931931932,16.37425723605915,5.717250421844379,-0.4147647811054069
1.941941941941942,14.08403161469429,5.869744582356561,-0.3567526884142328
1.951951951951952,11.738111458182038,5.999027157941119,-0.2973298366671729
1.961961961961962,9.345773579879893,6.104586907701491,-0.2367312102916798
1.971971971971972,6.916478349495442,6.186006401362454,-0.17519644325187025
1.981981981981982,4.459832282569929,6.242963669975388,-0.11296887142907357
1.991991991991992,1.9855500520367175,6.275233479126915,-0.050294570363366396
2.002002002002002,-0.4965839279234524,6.282688219616124,0.012578617838741387
2.012012012012012,-2.9767541938148137,6.265298412078188,0.07540206458240246
2.022022022022022,-5.445153047541819,6.2231328235589105,0.13792733797265497
2.032032032032032,-7.892019340416474,6.156358195579189,0.19990718522480475
2.042042042042042,-10.307677073088906,6.065238584764759,0.2610965104120889
2.052052052052052,-12.682573658758834,5.950134318648672,0.3212533436841449
2.062062062062062,-15.00731769835948,5.811500570775707,0.38013979812359666
2.0720720720720722,-17.27271611833333,5.649885560743397,0.4375230104569048
2.0820820820820822,-19.469810524139916,5.4659283862975325,0.4931760618994753
2.0920920920920922,-21.58991262573881,5.26035649605497,0.5468788754936272
2.1021021021021022,-23.624638594959073,5.033982812847714,0.5984190863909272
2.1121121121121122,-25.565942218890285,4.787702519063934,0.6475928816373948
2.1221221221221223,-27.406146718193035,4.522489516698001,0.6942058061407224
2.1321321321321323,-29.1379751045044,4.239392576108126,0.7380735316323391
2.1421421421421423,-30.754578956891358,3.9395311887112,0.7790225855834916
2.1521521521521523,-32.24956550355819,3.624091140015005,0.8168910371929051
2.1621621621621623,-33.61702290171406,3.294319820494039,0.8515291377333113
2.1721721721721723,-34.851543615632835,2.9515212928519556,0.8827999127246199
2.1821821821821823,-35.94824580045838,2.5970511351766667,0.9105797035920353
2.1921921921921923,-36.90279260719396,2.2323110803806756,0.934758656667151
2.2022022022022023,-37.711409332534984,1.8587434731247539,0.955241157598287
2.2122122122122123,-38.37089834572755,1.477825566144583,0.9719462094522339
2.2222222222222223,-38.87865173342484,1.0910636785353693,0.984807753012208
2.2322322322322323,-39.23266161253838,0.6999872390950655,0.9937749280054242
2.2422422422422423,-39.43152807030211,0.30614273828164007,0.9988122742272691
2.2522522522522523,-39.47446470015116,-0.08891238729915507,0.9998998717667489
2.2622622622622623,-39.36130171152374,-0.48361591369196333,0.9970334197786902
2.2722722722722724,-39.09248660128863,-0.876407007321214,0.9902242534911985
2.2822822822822824,-38.669082384143245,-1.2657323972224326,0.9794992993811166
2.2922922922922924,-38.092763388979925,-1.6500525173676173,0.9649009686947391
2.3023023023023024,-37.365808637843664,-2.0278475947950914,0.9464869897348523
2.3123123123123124,-36.491092833663686,-2.3976236594688562,0.9243301795773087
2.3223223223223224,-35.47207499239735,-2.7579184521016757,0.8985181561198674
2.3323323323323324,-34.312784764540275,-3.10730720657964,0.8691529916019988
2.3423423423423424,-33.0178065000931,-3.44440828412212,0.8363508089657767
2.3523523523523524,-31.592261119999225,-3.7678886368970206,0.8002413226540324
2.3623623623623624,-30.041785865742373,-4.076469079485698,0.7609673256616676
2.3723723723723724,-28.372512007182305,-4.368929347351996,0.7186841248685379
2.3823823823823824,-26.59104059678257,-4.644112922311802,0.6735589268868665
2.3923923923923924,-24.7044163661082,-4.90093160592119,0.625770176851806
2.4024024024024024,-22.720099867819158,-5.138369822697783,0.5755068527698898
2.4124124124124124,-20.645937973321402,-5.355488636158659,0.5229677182158032
2.4224224224224224,-18.490132842741605,-5.5514294617934965,0.46836053633266084
2.4324324324324325,-16.261209489932433,-5.72541746229017,0.4119012482439925
2.4424424424424425,-13.967982070769901,-5.8767646115866805,0.35381311912633967
2.4524524524524525,-11.619519028054311,-6.004872415632714,0.29432585531928224
2.4624624624624625,-9.225107230848012,-6.1092342791017105,0.2336746959642524
2.4724724724724725,-6.7942152500578255,-6.189437508694472,0.1720994827641702
2.4824824824824825,-4.336455915487418,-6.245164945112327,0.10984371154250067
2.4924924924924925,-1.8615483024263582,-6.276196217246263,0.047153569352305795
2.5025025025025025,0.620720701903433,-6.2824086136224775,-0.015723039057039635
2.5125125125125125,3.10053510005982,-6.263777567658203,-0.07853747156566879
2.5225225225225225,5.568088601206743,-6.22037675480893,-0.14104133192491902
2.5325325325325325,8.013623399556895,-6.152377801222821,-0.20298745202675983
2.5425425425425425,10.427468761082904,-6.060049605054472,-0.26413086931660534
2.5525525525525525,12.800079265907316,-5.943757273121825,-0.3242297954843688
2.5625625625625625,15.12207255514561,-5.8039606771111485,-0.3830465726031661
2.5725725725725725,17.38426643293241,-5.641212635039545,-0.4403486129346183
2.5825825825825826,19.577715176914676,-5.4561567251662275,-0.49590931868438887
2.5925925925925926,21.693744913622965,-5.2495247409973915,-0.5495089780708059
2.6026026026026026,23.723987918831142,-5.022133797448687,-0.6009356341631232
2.6126126126126126,25.66041570726552,-4.774883099608849,-0.6499859230536447
2.6226226226226226,27.495370780812593,-4.508750386882148,-0.6964658780492202
2.6326326326326326,29.221596909677164,-4.224788066571299,-0.7401916967019425
2.6426426426426426,30.832267826747906,-3.9241190521901124,-0.7809904676459168
2.6526526526526526,32.32101422169837,-3.6079323229632383,-0.8187008543658278
2.6626626626626626,33.68194892807739,-3.277478222072642,-0.8531737331933928
2.6726726726726726,34.90969020378788,-2.9340635122436676,-0.884272783008778
2.6826826826826826,35.99938301289245,-2.579046208223101,-0.9118750243150328
2.6926926926926926,36.94671822458856,-2.2138302065838156,-0.9358713055538114
2.7027027027027026,37.74794965343099,-1.8398597340924379,-0.9561667347392505
2.7127127127127126,38.399908873418184,-1.4586136365932572,-0.9726810547031599
2.7227227227227226,38.900017747360046,-1.071599530992983,-0.9853489604676164
2.7327327327327327,39.24629862198093,-0.6803478434718849,-0.9941203574899393
2.7427427427427427,39.43738214844164,-0.28640575749692326,-0.9989605597588272
2.7527527527527527,39.472512697354865,0.10866890443100487,-0.9998504269583005
2.7627627627627627,39.35155134688024,0.5033138411010785,-0.9967864401570344
2.7727727727727727,39.07497643208332,0.8959684506276026,-0.9897807157237837
2.7827827827827827,38.64388165338556,1.285080001765056,-0.9788609574138616
2.7927927927927927,38.0599717515857,1.6691097740991485,-0.9640703468161507
2.8028028028028027,37.32555576655519,2.0465391428327813,-0.9454673725938645
2.8128128128128127,36.44353790626578,2.4158755841051005,-0.9231255991943134
2.8228228228228227,35.417406062257704,2.7756585770955993,-0.897133375942315
2.8328328328328327,34.251218016962525,3.1244653795741613,-0.867593487667602
2.8428428428428427,32.94958539742384,3.460916654057619,-0.8346227482478179
2.8528528528528527,31.517655438869518,3.783681922324627,-0.7983515386744061
2.8628628628628627,29.961090630250684,4.091484826719252,-0.7589232914680888
2.8728728728728727,28.28604632223792,4.383108177437716,-0.7164939234827853
2.8828828828828827,26.49914638622227,4.657398765839182,-0.6712312193409046
2.8928928928928928,24.607457020577556,4.913271924746346,-0.6233141679382181
2.9029029029029028,22.61845880776376,5.1497158177027265,-0.572932254642021
2.9129129129129128,20.54001713277163,5.365795440224742,-0.5202847119815797
2.9229229229229228,18.380351079886577,5.560656317225968,-0.46557973179395734
2.932932932932933,16.148000930768095,5.733527881992269,-0.40903364194074887
2.942942942942943,13.851794392371055,5.883726523345897,-0.35087005085133305
2.952952952952953,11.500811688260601,6.01065828894856,-0.2913189632755493
2.962962962962963,9.104349651362632,6.113821234053609,-0.23061587074244178
2.972972972972973,6.671884960144976,6.192807406419153,-0.16900082032185015
2.982982982982983,4.213036663609083,6.247304459532964,-0.10671746537135948
2.992992992992993,1.7375281432853096,6.277096887769727,-0.04401210202238526
3.003003003003003,-0.7448513373497619,6.28206687859629,0.01886730478446403
3.013013013013013,-3.224285343981191,6.262194778454896,0.08167210186320413
3.023023023023023,-5.690969090010536,6.21755917048211,0.14415393106795635
3.033033033033033,-8.135148209049747,6.14833656375609,0.20606571141169117
3.043043043043043,-10.54715732803124,6.054800695301062,0.26716261613452047
3.053053053053053,-12.917458288398722,5.937321447609178,0.3272030408577713
3.063063063063063,-15.23667786423505,5.79636338596038,0.3859495589953256
3.073073073073073,-17.495644828173596,5.63248392132429,0.44316986064412356
3.083083083083083,-19.68542621851607,5.44633110610898,0.49863767124098946
3.093093093093093,-21.797362664143048,5.23864107147301,0.5521336463530687
3.103103103103103,-23.823102627524808,5.010235116334919,0.6034462390634252
3.113113113113113,-25.75463543042116,4.76201645959142,0.6523725365217904
3.123123123123123,-27.584322931671714,4.494966668387535,0.6987190623523647
3.133133133133133,-29.304929731809047,4.210141776562775,0.7423025417456072
3.143143143143143,-30.9096517850508,3.90866810862299,0.7829506262084615
3.153153153153153,-32.3921433055282,3.591737825751453,0.8205025751070862
3.163163163163163,-33.74654186135018,3.260604211472482,0.8548098913069252
3.173173173173173,-34.96749155727065,2.916576715610066,0.8857369083965289
3.183183183183183,-36.05016421428429,2.56101577613993,0.913161327172983
3.193193193193193,-36.990278462397086,2.1953274394117552,0.9369746992674368
3.203203203203203,-37.78411667107079,1.8209578000154638,0.9570828559982699
3.2132132132132134,-38.42853965038988,1.4393872822791056,0.973406280756003
3.2232232232232234,-38.920999064817046,1.0521247860115743,0.9858804234473961
3.2332332332332334,-39.259547510447256,0.6607017196404685,0.9944559557552778
3.2432432432432434,-39.44284621591021,0.26666594434106794,0.9990989662046814
3.2532532532532534,-39.47017033646876,-0.12842434689640514,0.9997910942639262
3.2632632632632634,-39.34141182037789,-0.5230067910558774,0.9965296029503367
3.2732732732732734,-39.05707983616946,-0.9155210333748793,0.9893273896534934
3.2832832832832834,-38.618298759173,-1.30441489768236,0.9782129351332082
3.2932932932932935,-38.02680372523479,-1.6881505243947283,0.9632301908939122
3.3033033033033035,-37.28493376921779,-2.0652104518977112,0.9444384053808292
3.3133133133133135,-36.39562257541563,-2.4341036172656585,0.9219118896852254
3.3233233233233235,-35.36238687645825,-2.793371252588458,0.8957397236852555
3.3333333333333335,-34.18931254658433,-3.1415926535897953,0.8660254037844385
3.3433433433433435,-32.88103844427437,-3.4773907977247256,0.832886433640773
3.3533533533533535,-31.44273806813778,-3.799437789540259,0.7964538595049282
3.3633633633633635,-29.88009909859476,-4.106460111765511,0.7568717520049928
3.3733733733733735,-28.199300906253832,-4.397243661366385,0.7142966364270217
3.3833833833833835,-26.4069901159282,-4.670638550649726,0.6688968737443399
3.3933933933933935,-24.510254322919938,-4.925563654431577,0.6208519948432436
3.4034034034034035,-22.516594065510912,-5.161010885287759,0.570351990577901
3.4134134134134135,-20.433893164493043,-5.376049179980626,0.5175965604618775
3.4234234234234235,-18.27038754702884,-5.569828181297883,0.46279432296729756
3.4334334334334335,-16.03463267812659,-5.741581600743799,0.40616199055447366
3.4434434434434436,-13.735469728519925,-5.8906302487853335,0.3479235126942847
3.4534534534534536,-11.38199061274093,-6.016384720670052,0.2883091902722221
3.4634634634634636,-8.983502035639338,-6.118347727195122,0.22755476487608217
3.4734734734734736,-6.549488689525728,-6.196116061210348,0.16590048656871262
3.4834834834834836,-4.089575747472897,-6.249382192078859,0.10359016383223804
3.4934934934934936,-1.613490801093856,-6.27793548179025,0.04087019944071332
3.5035035035035036,0.8689746066894051,-6.281663017917106,-0.022011383926226362
3.5135135135135136,3.3480037017677224,-6.260550060121043,-0.08480592447550853
3.5235235235235236,5.813793298743315,-6.214680098442567,-0.14726510462014103
3.5335335335335336,8.256592567091817,-6.14423452314427,-0.20914193293756775
3.5435435435435436,10.666741590289972,-6.049491907412916,-0.27019172088378307
3.5535535535535536,13.034709565428711,-5.9308269057569785,-0.33017305040083483
3.5635635635635636,15.351132492254182,-5.788708772455777,-0.3888487285913861
3.5735735735735736,17.6068502025954,-5.623699505919062,-0.44598672568507514
3.5835835835835836,19.7929425837504,-5.436451626294912,-0.5013610925876054
3.5935935935935936,21.900764852585464,-5.227705595114389,-0.5547528543841171
3.6036036036036037,23.92198174085869,-4.998286887176795,-0.6059508762635486
3.6136136136136137,25.8486004565838,-4.749102726254572,-0.6547526984397358
3.6236236236236237,27.673002291090203,-4.481138497526374,-0.7009653367675961
3.6336336336336337,29.38797274679143,-4.19545385092505,-0.7444060458884181
3.6436436436436437,30.98673006652191,-3.893178510809836,-0.784903041886404
3.6536536536536537,32.462952051626324,-3.5755078085329184,-0.8222961815988092
3.6636636636636637,33.81080106274943,-3.2436979555667826,-0.856437595893346
3.6736736736736737,35.024947104462555,-2.8990610758844375,-0.8871922744086044
3.6836836836836837,36.10058890243995,-2.5429600172367213,-0.9144385994451648
3.6936936936936937,37.033472889836496,-2.176802961845094,-0.9380688268961652
3.7037037037037037,37.819910027785575,-1.802037857821937,-0.9579895123154886
3.7137137137137137,38.45679039350237,-1.420146693338609,-0.9741218804387362
3.7237237237237237,38.94159547830388,-1.032639636184039,-0.9864021366957145
3.7337337337337337,39.27240814691425,-0.6410490618885412,-0.9947817194825853
3.7437437437437437,39.44792021867163,-0.24692349402834937,-0.9992274921960793
3.7537537537537538,39.46743764065732,0.14817851932652784,-0.9997218742703887
3.7637637637637638,39.33088323229019,0.5426945688055431,-0.9962629106985545
3.7737737737737738,39.03879699053306,0.9350645622003708,-0.9888642797634358
3.7837837837837838,38.59233395450417,1.323736893764466,-0.9775552389476863
3.793793793793794,37.99325963793798,1.7071745799533933,-0.9623805092366334
3.803803803803804,37.243943047557316,2.0838613373424564,-0.943400098271581
3.813813813813814,36.34734731496554,2.4523075786868125,-0.920689063052864
3.823823823823824,35.30701797910395,2.8110563034130975,-0.8943372131310281
3.833833833833834,34.12706896561163,3.158688859248637,-0.8644487554598655
3.843843843843844,32.812166318530664,3.493830552204591,-0.831141882315694
3.853853853853854,31.36750974868936,3.815156082728366,-0.7945483039124438
3.863863863863864,29.798812071729284,4.121394786528439,-0.7548127275607986
3.873873873873874,28.11227661708739,4.411335659347001,-0.7120922854310274
3.883883883883884,26.314572697267568,4.68383214581034,-0.6665559131823737
3.893893893893894,24.412809234408538,4.937806673419451,-0.6183836819162167
3.903903903903904,22.41450664843847,5.172254913751805,-0.5677660860947088
3.913913913913914,20.327567117984486,5.386249754023318,-0.5149032902408133
3.923923923923924,18.160243331638103,5.578944963305311,-0.4600043373986111
3.933933933933934,15.921105853148287,5.749578538898571,-0.4032863224839841
3.943943943943944,13.619009229593852,5.897475719631516,-0.34497353379459295
3.953953953953954,11.263056976560568,6.022051654166403,-0.28529656607405174
3.963963963963964,8.8625655787846,6.122813713762097,-0.22449140863757405
3.973973973973974,6.427027648621695,6.199363440347556,-0.16279851216509528
3.983983983983984,3.966074388029146,6.251398122202553,-0.10046183785216838
3.993993993993994,1.4894375025027715,6.278711991014665,-0.03772789267871706
4.004004004004004,-0.9930892824218926,6.281197035578851,0.025155245389376506
4.014014014014014,-3.471688949923263,6.258843428921867,0.08793890841106243
4.024024024024024,-5.9365600127514995,6.211739567162501,0.15037482181393844
4.034034034034034,-8.377955272675441,6.14007171995394,0.21221608618251012
4.044044044044044,-10.786220365246596,6.0441232938905785,0.2732181536084685
4.054054054054054,-13.151831937456858,5.924273711792106,0.33313979474205735
4.064064064064064,-15.46543530731927,5.78099691229662,0.3917440527203976
4.074074074074074,-17.717881456447138,5.614859475696161,0.4487991802004629
4.084084084084084,-19.90026320934895,5.426518383425818,0.5040795557913258
4.094094094094094,-22.003950456368106,5.21671842006646,0.5573665762616438
4.104104104104104,-24.02062428098102,4.986289228134728,0.608449520994219
4.114114114114114,-25.94230985649888,4.73614202730694,0.6571263852691881
4.124124124124124,-27.761407982085387,4.467266011050511,0.7032046790806838
4.134134134134134,-29.47072513338153,4.180724434912397,0.7465021883280524
4.1441441441441444,-31.063501908905877,3.8776504119329576,0.7868476953715906
4.1541541541541545,-32.533439759739124,3.559242431812217,0.8240816561033653
4.1641641641641645,-33.87472589679236,3.2267596215476986,0.8580568308556886
4.1741741741741745,-35.08205627716458,2.8815167662853787,0.8886388666523554
4.1841841841841845,-36.15065657869138,2.5248791100734262,0.9157068285001689
4.1941941941941945,-37.07630107974126,2.158256957079174,0.9391536776197678
4.2042042042042045,-37.85532936960173,1.7831000946180957,0.9588866947246499
4.2142142142142145,-38.48466082337379,1.4008920600489332,0.9748278466745345
4.2242242242242245,-38.96180678413517,1.0131442742060943,0.9869140950531603
4.2342342342342345,-39.28488040419842,0.6213900645683663,0.9950976454502662
4.2442442442442445,-39.45260410654725,0.2271786017990223,0.9993461364619809
4.2542542542542545,-39.46431463694516,-0.16793122636519403,0.9996427676622299
4.2642642642642645,-39.31996568673816,-0.5623769796504977,0.9959863660391043
4.2742742742742745,-39.02012807597981,-0.9545988438310288,0.9883913906334727
4.2842842842842845,-38.56598749615446,-1.343045798929144,0.9768878753614922
4.2942942942942945,-37.95933982142492,-1.726181752639355,0.961521310247125
4.3043043043043046,-37.20258400694602,-2.1024916147215813,0.942352461534319
4.314314314314315,-36.29871260232708,-2.470487288342984,0.9194571313902057
4.324324324324325,-35.25129991775789,-2.8287135546756326,0.8929258581495685
4.334334334334335,-34.064487889593785,-3.175753827480105,0.8628635582859308
4.344344344344345,-32.74296970129417,-3.5102357549185172,0.8293891115250821
4.354354354354355,-31.29197122448442,-3.8308366464450443,0.7926348907416838
4.364364364364365,-29.71723035353153,-4.136288703313551,0.7527462384979556
4.374374374374375,-28.024974315353354,-4.425384032018682,0.7098808922944292
4.384384384384385,-26.221895044189758,-4.696979420844772,0.6642083608056143
4.394394394394395,-24.315122718713184,-4.9500008606343116,0.6159092535671795
4.404404404404405,-22.312197566125946,-5.1834477918985895,0.5651745667653922
4.414414414414415,-20.221040044742814,-5.39639706147564,0.5122049279531132
4.424424424424425,-18.04991952297048,-5.58800657308909,0.4572098026790775
4.434434434434435,-15.807421578541144,-5.757518617371963,0.400406666167805
4.444444444444445,-13.502414047312959,-5.904262868187097,0.3420201433256694
4.454454454454455,-11.144011955897392,-6.027659033395251,0.28228112047397186
4.464464464464465,-8.741541476782922,-6.127219149588771,0.22142583232155877
4.474474474474475,-6.304503048494545,-6.202549511716269,0.15969492778754854
4.484484484484485,-3.8425338066275847,-6.253352229967782,0.09733251836830119
4.494494494494495,-1.3653694743205589,-6.279426407763793,0.03458521281181889
4.504504504504505,1.1171941371317409,-6.280668936189795,-0.02829885808311705
4.514514514514515,3.5953398652790964,-6.257074901734868,-0.09107102268664033
4.524524524524525,6.05926801795009,-6.2087376057219,-0.15348305189621628
4.534534534534535,8.499235125600375,-6.135848195352584,-0.21528814074509087
4.544544544544545,10.905592471331762,-6.038694907826234,-0.27624188437907543
4.554554554554555,13.268824246217136,-5.917661930521497,-0.3361032445422176
4.564564564564565,15.57958517904792,-5.773227881748315,-0.39463550274943954
4.574574574574575,17.828737491700085,-5.605963918077883,-0.4516071963768943
4.584584584584585,20.007387033978752,-5.416531475735174,-0.5067930339682722
4.594594594594595,22.10691845505074,-5.2056796549854205,-0.5599747861375955
4.604604604604605,24.1190292723796,-4.974242257857962,-0.6109421485454235
4.614614614614615,26.035762703440145,-4.7231344909215816,-0.6594935735358969
4.624624624624625,27.84953913038102,-4.453349346150043,-0.7054370671459519
4.634634634634635,29.55318607321069,-4.165953674189407,-0.7485909483349898
4.644644644644645,31.139966552977842,-3.8620839655554104,-0.788784567432631
4.654654654654655,32.60360573278783,-3.542941856443617,-0.825858980963543
4.664664664664665,33.93831573130289,-3.2097893769246206,-0.8596675801807454
4.674674674674675,35.1388185106034,-2.863943960314932,-0.8900766708219063
4.684684684684685,36.20036674790095,-2.5067732334587776,-0.9169660017960125
4.694694694694695,37.11876260856775,-2.1396896085222283,-0.9402292407097584
4.704704704704705,37.89037434624442,-1.7641446976864148,-0.9597743943531888
4.714714714714715,38.51215066438323,-1.3816235728262198,-0.9755241724818385
4.724724724724725,38.98163278243386,-0.9936388928745368,-0.9874162934567889
4.734734734734735,39.296964158957024,-0.6017249220949905,-0.9954037305340127
4.744744744744745,39.45689783321639,-0.20743146291755724,-0.9994548978290694
4.754754754754755,39.46080135621682,0.18768227267062734,-0.9995537752217639
4.764764764764765,39.30865929168942,0.5820538289441499,-0.9956999717068378
4.774774774774775,39.00107327713347,0.9741236850851663,-0.9879087269401782
4.784784784784785,38.53925964467367,1.3623414222235377,-0.9762108509744296
4.794794794794795,37.92504461114114,1.7451718544837005,-0.960652602422321
4.804804804804805,37.16085705639846,2.1211010997935116,-0.941295505529503
4.814814814814815,36.24971891846679,2.4886425664483456,-0.9182161068802749
4.824824824824825,35.195233243436476,2.8463428317570187,-0.8915056726982846
4.834834834834835,34.00156993741805,3.1927873895224606,-0.8612698279392313
4.844844844844845,32.67344927687565,3.5266062436294296,-0.8276281386027315
4.854854854854855,31.216123242551166,3.8464793256194376,-0.7907136389150938
4.864864864864865,29.635354750792715,4.1511417148295,-0.750672305252724
4.874874874874875,27.937394864416262,4.439388640451911,-0.7076624788865061
4.884884884884885,26.12895807321813,4.710080245734792,-0.6618542398298696
4.894894894894895,24.217195741891725,4.962146095483361,-0.613428734266663
4.904904904904905,22.209667830345435,5.1945894090376274,-0.5625774582184379
4.914914914914915,20.114312998253396,5.40649100198714,-0.5095015002838735
4.924924924924925,17.939417212058647,5.597012921035629,-0.45441074644487733
4.934934934934935,15.693580978570587,5.765401757641628,-0.39752305008391237
4.944944944944945,13.385685334729843,5.910991627331471,-0.3390633704946775
4.954954954954955,11.024856728031347,6.033206802903164,-0.27926288329283183
4.964964964964965,8.620430926486108,6.131563991108172,-0.21835806624464674
4.974974974974975,6.1819161008350605,6.205674243808253,-0.15658976412855846
4.984984984984985,3.7189552250064093,6.255244496049657,-0.0942022363276265
4.994994994994995,1.241287943500967,6.280078724972504,-0.031442190919120316
5.005005005005005,-1.2412879435008703,6.280078724972505,0.031442190919117874
5.015015015015015,-3.718955225006313,6.255244496049658,0.09420223632762406
5.025025025025025,-6.181916100834965,6.2056742438082555,0.15658976412855605
5.035035035035035,-8.620430926486014,6.131563991108175,0.21835806624464435
5.045045045045045,-11.024856728031255,6.033206802903169,0.2792628832928295
5.055055055055055,-13.38568533472975,5.910991627331477,0.33906337049467516
5.065065065065065,-15.6935809785705,5.7654017576416345,0.39752305008391015
5.075075075075075,-17.93941721205856,5.597012921035636,0.45441074644487517
5.085085085085085,-20.11431299825331,5.406491001987147,0.5095015002838714
5.095095095095095,-22.209667830345357,5.194589409037635,0.5625774582184359
5.105105105105105,-24.217195741891537,4.9621460954833845,0.6134287342666582
5.115115115115115,-26.128958073218055,4.710080245734802,0.6618542398298677
5.125125125125125,-27.937394864416095,4.439388640451938,0.7076624788865019
5.135135135135135,-29.635354750792747,4.151141714829494,0.7506723052527248
5.145145145145145,-31.216123242551106,3.8464793256194496,0.7907136389150923
5.155155155155155,-32.67344927687567,3.526606243629424,0.8276281386027321
5.165165165165165,-34.001569937418,3.192787389522474,0.8612698279392301
5.175175175175175,-35.19523324343637,2.8463428317570525,0.891505672698282
5.185185185185185,-36.24971891846675,2.4886425664483594,0.9182161068802739
5.195195195195195,-37.16085705639843,2.1211010997935262,0.9412955055295021
5.205205205205205,-37.92504461114115,1.7451718544836938,0.9606526024223213
5.215215215215215,-38.53925964467365,1.3623414222235526,0.9762108509744291
5.225225225225225,-39.001073277133436,0.9741236850852035,0.9879087269401773
5.235235235235235,-39.30865929168941,0.5820538289441654,0.9956999717068375
5.245245245245245,-39.460801356216805,0.18768227267066503,0.9995537752217637
5.255255255255255,-39.45689783321639,-0.20743146291756412,0.9994548978290693
5.265265265265265,-39.29696415895704,-0.6017249220949752,0.9954037305340129
5.275275275275275,-38.98163278243385,-0.9936388928745435,0.9874162934567887
5.285285285285285,-38.51215066438325,-1.381623572826205,0.9755241724818391
5.295295295295295,-37.890374346244485,-1.7641446976863786,0.9597743943531905
5.305305305305305,-37.11876260856778,-2.139689608522214,0.9402292407097592
5.315315315315315,-36.20036674790104,-2.506773233458743,0.916966001796015
5.325325325325325,-35.138818510603386,-2.863943960314938,0.8900766708219059
5.335335335335335,-33.93831573130294,-3.2097893769246078,0.8596675801807467
5.345345345345345,-32.603605732787805,-3.542941856443623,0.8258589809635425
5.355355355355355,-31.139966552977903,-3.8620839655553985,0.7887845674326326
5.365365365365365,-29.553186073210846,-4.16595367418938,0.7485909483349938
5.375375375375375,-27.849539130381093,-4.453349346150032,0.7054370671459537
5.385385385385385,-26.03576270344022,-4.723134490921572,0.6594935735358988
5.395395395395395,-24.119029272379564,-4.974242257857966,0.6109421485454226
5.405405405405405,-22.10691845505082,-5.205679654985412,0.5599747861375975
5.415415415415415,-20.007387033978958,-5.416531475735155,0.5067930339682775
5.425425425425425,-17.828737491700174,-5.605963918077876,0.45160719637689645
5.435435435435435,-15.579585179048138,-5.7732278817483005,0.3946355027494451
5.445445445445445,-13.268824246217093,-5.917661930521499,0.3361032445422166
5.455455455455455,-10.905592471331854,-6.038694907826229,0.27624188437907776
5.465465465465465,-8.499235125600334,-6.135848195352585,0.2152881407450898
5.475475475475475,-6.0592680179501865,-6.208737605721898,0.15348305189621872
5.485485485485485,-3.5953398652793322,-6.257074901734865,0.0910710226866463
5.495495495495495,-1.1171941371318375,-6.2806689361897945,0.0282988580831195
5.505505505505505,1.3653694743203222,-6.279426407763794,-0.03458521281181289
5.515515515515515,3.8425338066276282,-6.253352229967781,-0.09733251836830228
5.525525525525525,6.304503048494449,-6.202549511716271,-0.1596949277875461
5.535535535535535,8.741541476782965,-6.12721914958877,-0.22142583232155982
5.545545545545545,11.1440119558973,-6.027659033395256,-0.2822811204739695
5.555555555555555,13.502414047312737,-5.90426286818711,-0.3420201433256638
5.565565565565565,15.807421578541053,-5.757518617371968,-0.40040666616780274
5.575575575575575,18.049919522970395,-5.588006573089096,-0.45720980267907535
5.585585585585585,20.221040044742853,-5.3963970614756365,-0.5122049279531142
5.595595595595595,22.312197566125864,-5.183447791898598,-0.5651745667653901
5.605605605605605,24.315122718712995,-4.950000860634335,-0.6159092535671747
5.615615615615615,26.221895044189683,-4.696979420844783,-0.6642083608056124
5.625625625625625,28.024974315353187,-4.42538403201871,-0.709880892294425
5.635635635635635,29.71723035353147,-4.1362887033135625,-0.7527462384979541
5.645645645645645,31.291971224484357,-3.8308366464450567,-0.7926348907416823
5.655655655655655,32.7429697012942,-3.510235754918512,-0.8293891115250828
5.665665665665665,34.064487889593735,-3.1757538274801185,-0.8628635582859295
5.675675675675675,35.251299917757784,-2.828713554675666,-0.8929258581495658
5.685685685685685,36.29871260232704,-2.4704872883429982,-0.9194571313902047
5.6956956956956954,37.20258400694594,-2.102491614721617,-0.942352461534317
5.7057057057057055,37.95933982142493,-1.7261817526393484,-0.9615213102471253
5.7157157157157155,38.56598749615444,-1.343045798929159,-0.9768878753614917
5.7257257257257255,39.02012807597982,-0.9545988438310221,-0.9883913906334728
5.7357357357357355,39.31996568673815,-0.562376979650513,-0.9959863660391041
5.7457457457457455,39.46431463694516,-0.16793122636523175,-0.9996427676622298
5.7557557557557555,39.45260410654725,0.22717860179900692,-0.9993461364619809
5.7657657657657655,39.28488040419843,0.6213900645683511,-0.9950976454502665
5.7757757757757755,38.961806784135156,1.0131442742061012,-0.9869140950531601
5.7857857857857855,38.48466082337381,1.400892060048918,-0.974827846674535
5.7957957957957955,37.8553293696018,1.7831000946180593,-0.9588866947246516
5.8058058058058055,37.0763010797413,2.158256957079159,-0.9391536776197686
5.8158158158158155,36.150656578691475,2.524879110073392,-0.9157068285001714
5.8258258258258255,35.08205627716463,2.881516766285365,-0.8886388666523566
5.8358358358358355,33.87472589679241,3.2267596215476857,-0.8580568308556898
5.8458458458458455,32.5334397597391,3.559242431812222,-0.8240816561033647
5.8558558558558556,31.063501908905938,3.8776504119329456,-0.7868476953715922
5.865865865865866,29.470725133381688,4.18072443491237,-0.7465021883280564
5.875875875875876,27.76140798208546,4.4672660110505,-0.7032046790806856
5.885885885885886,25.942309856499058,4.736142027306916,-0.6571263852691926
5.895895895895896,24.020624280980986,4.986289228134732,-0.6084495209942181
5.905905905905906,22.003950456368184,5.216718420066452,-0.5573665762616458
5.915915915915916,19.90026320934891,5.4265183834258215,-0.5040795557913248
5.925925925925926,17.717881456447227,5.6148594756961545,-0.4487991802004651
5.935935935935936,15.465435307319488,5.780996912296605,-0.39174405272040314
5.945945945945946,13.151831937456949,5.924273711792101,-0.3331397947420596
5.955955955955956,10.78622036524669,6.044123293890574,-0.2732181536084709
5.965965965965966,8.377955272675399,6.140071719953941,-0.21221608618250903
5.975975975975976,5.9365600127515945,6.211739567162499,-0.15037482181394085
5.985985985985986,3.4716889499234997,6.258843428921863,-0.08793890841106843
5.995995995995996,0.9930892824219892,6.281197035578851,-0.025155245389378956
6.006006006006006,-1.4894375025025346,6.278711991014667,0.03772789267871106
6.016016016016016,-3.966074388029049,6.251398122202555,0.10046183785216593
6.026026026026026,-6.42702764862146,6.199363440347562,0.16279851216508934
6.036036036036036,-8.862565578784507,6.1228137137621,0.22449140863757167
6.046046046046046,-11.263056976560339,6.022051654166414,0.28529656607404597
6.056056056056056,-13.619009229593496,5.897475719631537,0.34497353379458395
6.066066066066066,-15.92110585314807,5.749578538898587,0.4032863224839786
6.076076076076076,-18.160243331637894,5.578944963305328,0.46000433739860574
6.086086086086086,-20.327567117984405,5.386249754023326,0.5149032902408112
6.096096096096096,-22.414506648438277,5.172254913751827,0.5677660860947039
6.106106106106106,-24.41280923440846,4.93780667341946,0.6183836819162147
6.116116116116116,-26.314572697267387,4.6838321458103644,0.6665559131823692
6.126126126126126,-28.112276617087122,4.411335659347044,0.7120922854310207
6.136136136136136,-29.798812071729223,4.121394786528451,0.7548127275607971
6.146146146146146,-31.367509748689216,3.815156082728396,0.7945483039124401
6.156156156156156,-32.812166318530615,3.4938305522046034,0.8311418823156926
6.166166166166166,-34.127068965611514,3.1586888592486697,0.8644487554598626
6.176176176176176,-35.307017979103904,2.8110563034131117,0.894337213131027
6.186186186186186,-36.34734731496545,2.452307578686847,0.9206890630528617
6.196196196196196,-37.24394304755724,2.0838613373424923,0.943400098271579
6.206206206206206,-37.99325963793795,1.7071745799534084,0.9623805092366328
6.216216216216216,-38.59233395450413,1.3237368937645029,0.977555238947685
6.226226226226226,-39.038796990533044,0.935064562200386,0.9888642797634355
6.236236236236236,-39.33088323229017,0.5426945688055805,0.996262910698554
6.246246246246246,-39.467437640657316,0.14817851932658785,0.9997218742703885
6.256256256256256,-39.447920218671634,-0.24692349402831165,0.9992274921960795
6.266266266266266,-39.27240814691428,-0.6410490618885037,0.994781719482586
6.276276276276276,-38.9415954783039,-1.0326396361840238,0.986402136695715
6.286286286286286,-38.456790393502416,-1.4201466933385722,0.9741218804387375
6.296296296296296,-37.8199100277856,-1.802037857821922,0.9579895123154892
6.306306306306306,-37.033472889836574,-2.176802961845058,0.9380688268961673
6.316316316316316,-36.1005889024401,-2.542960017236666,0.9144385994451687
6.326326326326326,-35.024947104462605,-2.8990610758844237,0.8871922744086056
6.336336336336336,-33.81080106274955,-3.24369795556675,0.8564375958933491
6.346346346346346,-32.46295205162638,-3.575507808532906,0.8222961815988107
6.356356356356356,-30.986730066522057,-3.8931785108098067,0.7849030418864077
6.366366366366366,-29.387972746791498,-4.1954538509250385,0.7444060458884197
6.376376376376376,-27.673002291090366,-4.481138497526348,0.7009653367676003
6.386386386386386,-25.84860045658398,-4.749102726254546,0.6547526984397404
6.396396396396396,-23.92198174085877,-4.998286887176786,0.6059508762635506
6.406406406406406,-21.900764852585663,-5.227705595114369,0.5547528543841221
6.416416416416417,-19.79294258375048,-5.436451626294904,0.5013610925876075
6.426426426426427,-17.60685020259536,-5.623699505919065,0.44598672568507414
6.436436436436437,-15.351132492254271,-5.788708772455772,0.38884872859138836
6.446446446446447,-13.03470956542867,-5.93082690575698,0.3301730504008338
6.456456456456457,-10.666741590289927,-6.049491907412919,0.27019172088378196
6.466466466466467,-8.256592567091637,-6.144234523144276,0.2091419329375632
6.476476476476477,-5.8137932987432706,-6.214680098442568,0.14726510462013992
6.486486486486487,-3.3480037017678193,-6.260550060121042,0.08480592447551097
6.496496496496497,-0.8689746066893614,-6.281663017917106,0.02201138392622526
6.506506506506507,1.6134908010937594,-6.27793548179025,-0.04087019944071087
6.516516516516517,4.089575747473079,-6.249382192078857,-0.10359016383224266
6.526526526526527,6.549488689525772,-6.196116061210347,-0.16590048656871373
6.536536536536537,8.983502035639246,-6.118347727195125,-0.2275547648760798
6.546546546546547,11.381990612740973,-6.01638472067005,-0.2883091902722232
6.556556556556557,13.735469728519835,-5.89063024878534,-0.3479235126942824
6.566566566566567,16.03463267812663,-5.741581600743796,-0.4061619905544747
6.576576576576577,18.270387547028875,-5.569828181297879,-0.4627943229672985
6.586586586586587,20.4338931644932,-5.376049179980612,-0.5175965604618815
6.596596596596597,22.516594065510944,-5.161010885287754,-0.5703519905779019
6.606606606606607,24.510254322919863,-4.925563654431587,-0.6208519948432417
6.616616616616617,26.40699011592823,-4.670638550649722,-0.6688968737443407
6.626626626626627,28.199300906253768,-4.397243661366397,-0.71429663642702
6.636636636636637,29.880099098594787,-4.1064601117655055,-0.7568717520049935
6.646646646646647,31.442738068137803,-3.7994377895402534,-0.7964538595049289
6.656656656656657,32.88103844427447,-3.477390797724701,-0.8328864336407755
6.666666666666667,34.189312546584354,-3.141592653589789,-0.866025403784439
6.676676676676677,35.36238687645821,-2.7933712525884724,-0.8957397236852543
6.686686686686687,36.39562257541564,-2.434103617265652,-0.9219118896852257
6.696696696696697,37.28493376921776,-2.065210451897726,-0.9444384053808285
6.706706706706707,38.02680372523484,-1.6881505243947,-0.9632301908939134
6.716716716716717,38.61829875917301,-1.304414897682353,-0.9782129351332084
6.726726726726727,39.05707983616945,-0.9155210333748947,-0.9893273896534931
6.736736736736737,39.3414118203779,-0.5230067910558704,-0.9965296029503368
6.746746746746747,39.47017033646876,-0.12842434689642054,-0.9997910942639261
6.756756756756757,39.44284621591021,0.2666659443410749,-0.9990989662046814
6.766766766766767,39.25954751044725,0.6607017196404754,-0.9944559557552777
6.776776776776777,38.92099906481701,1.052124786011603,-0.9858804234473953
6.786786786786787,38.428539650389865,1.4393872822791123,-0.9734062807560027
6.796796796796797,37.784116671070855,1.8209578000154274,-0.9570828559982717
6.806806806806807,36.99027846239712,2.1953274394117406,-0.9369746992674377
6.816816816816817,36.05016421428433,2.5610157761399157,-0.913161327172984
6.826826826826827,34.967491557270634,2.9165767156100717,-0.8857369083965284
6.836836836836837,33.746541861350224,3.260604211472469,-0.8548098913069264
6.846846846846847,32.39214330552818,3.5917378257514585,-0.8205025751070857
6.856856856856857,30.909651785050862,3.9086681086229773,-0.782950626208463
6.866866866866867,29.304929731809203,4.210141776562748,-0.7423025417456112
6.876876876876877,27.58432293167178,4.494966668387525,-0.6987190623523665
6.886886886886887,25.754635430421235,4.76201645959141,-0.6523725365217923
6.896896896896897,23.823102627524776,5.010235116334924,-0.6034462390634243
6.906906906906907,21.797362664143126,5.238641071473002,-0.5521336463530707
6.916916916916917,19.685426218516277,5.446331106108961,-0.4986376712409946
6.926926926926927,17.49564482817368,5.632483921324284,-0.4431698606441257
6.936936936936937,15.236677864235267,5.796363385960365,-0.3859495589953311
6.946946946946947,12.91745828839868,5.937321447609181,-0.32720304085777024
6.956956956956957,10.547157328031332,6.054800695301059,-0.2671626161345228
6.966966966966967,8.135148209049703,6.148336563756092,-0.20606571141169006
6.976976976976977,5.690969090010631,6.217559170482108,-0.14415393106795876
6.986986986986987,3.2242853439814274,6.2621947784548935,-0.08167210186321011
6.996996996996997,0.7448513373498586,6.28206687859629,-0.01886730478446648
7.007007007007007,-1.7375281432850729,6.277096887769728,0.04401210202237926
7.017017017017017,-4.2130366636091265,6.247304459532963,0.10671746537136058
7.027027027027027,-6.671884960144881,6.192807406419155,0.16900082032184774
7.037037037037037,-9.104349651362675,6.113821234053607,0.23061587074244286
7.047047047047047,-11.500811688260509,6.010658288948565,0.29131896327554696
7.057057057057057,-13.851794392370833,5.88372652334591,0.35087005085132744
7.067067067067067,-16.148000930768006,5.733527881992275,0.40903364194074665
7.077077077077077,-18.38035107988649,5.560656317225975,0.4655797317939552
7.087087087087087,-20.540017132771666,5.365795440224738,0.5202847119815805
7.097097097097097,-22.61845880776368,5.149715817702735,0.572932254642019
7.107107107107107,-24.60745702057737,4.913271924746369,0.6233141679382135
7.117117117117117,-26.4991463862222,4.657398765839193,0.6712312193409028
7.127127127127127,-28.286046322237752,4.383108177437744,0.7164939234827811
7.137137137137137,-29.961090630250713,4.091484826719247,0.7589232914680896
7.147147147147147,-31.51765543886946,3.783681922324639,0.7983515386744047
7.157157157157157,-32.94958539742386,3.460916654057613,0.8346227482478185
7.167167167167167,-34.251218016962476,3.124465379574175,0.8675934876676008
7.177177177177177,-35.4174060622576,2.775658577095633,0.8971333759423123
7.187187187187187,-36.443537906265746,2.4158755841051147,0.9231255991943124
7.197197197197197,-37.325555766555105,2.0465391428328172,0.9454673725938625
7.207207207207207,-38.059971751585714,1.6691097740991414,0.964070346816151
7.217217217217217,-38.64388165338555,1.2850800017650712,0.9788609574138611
7.227227227227227,-39.074976432083325,0.8959684506275956,0.9897807157237838
7.237237237237237,-39.351551346880235,0.5033138411010939,0.9967864401570342
7.247247247247247,-39.47251269735486,0.10866890443104259,0.9998504269583004
7.257257257257257,-39.43738214844164,-0.2864057574969079,0.9989605597588274
7.267267267267267,-39.246298621980934,-0.6803478434718696,0.9941203574899395
7.277277277277277,-38.90001774736004,-1.07159953099299,0.9853489604676162
7.287287287287287,-38.399908873418205,-1.4586136365932423,0.9726810547031605
7.297297297297297,-37.74794965343106,-1.8398597340924019,0.9561667347392523
7.307307307307307,-36.946718224588594,-2.2138302065838014,0.9358713055538123
7.317317317317317,-35.999383012892544,-2.5790462082230663,0.9118750243150352
7.327327327327327,-34.90969020378786,-2.934063512243674,0.8842727830087775
7.337337337337337,-33.681948928077446,-3.277478222072629,0.8531737331933942
7.347347347347347,-32.32101422169834,-3.6079323229632436,0.8187008543658272
7.357357357357357,-30.83226782674797,-3.924119052190101,0.7809904676459184
7.367367367367367,-29.221596909677324,-4.2247880665712705,0.7401916967019465
7.377377377377377,-27.495370780812667,-4.508750386882136,0.6964658780492221
7.387387387387387,-25.660415707265706,-4.774883099608824,0.6499859230536493
7.397397397397397,-23.72398791883111,-5.02213379744869,0.6009356341631225
7.407407407407407,-21.69374491362305,-5.2495247409973835,0.549508978070808
7.4174174174174174,-19.57771517691464,-5.45615672516623,0.495909318684388
7.4274274274274275,-17.3842664329325,-5.641212635039538,0.44034861293462046
7.4374374374374375,-15.122072555145829,-5.803960677111134,0.38304657260317165
7.4474474474474475,-12.800079265907408,-5.94375727312182,0.32422979548437114
7.4574574574574575,-10.427468761083064,-6.0600496050544645,0.2641308693166094
7.4674674674674675,-8.01362339955692,-6.15237780122282,0.20298745202676047
7.4774774774774775,-5.5680886012068385,-6.220376754808928,0.14104133192492144
7.4874874874874875,-3.100535100060056,-6.263777567658201,0.07853747156567477
7.4974974974974975,-0.6207207019035296,-6.282408613622477,0.01572303905704208
7.5075075075075075,1.8615483024261914,-6.276196217246264,-0.04715356935230157
7.5175175175175175,4.3364559154873925,-6.245164945112328,-0.10984371154250001
7.5275275275275275,6.794215250057661,-6.1894375086944775,-0.17209948276416603
7.5375375375375375,9.225107230848055,-6.109234279101709,-0.23367469596425347
7.5475475475475475,11.619519028054219,-6.004872415632719,-0.2943258553192799
7.5575575575575575,13.96798207076968,-5.876764611586693,-0.35381311912633406
7.5675675675675675,16.26120948993241,-5.725417462290171,-0.4119012482439919
7.5775775775775776,18.49013284274146,-5.551429461793508,-0.4683605363326571
7.587587587587588,20.645937973321377,-5.355488636158661,-0.5229677182158026
7.597597597597598,22.720099867819073,-5.138369822697792,-0.5755068527698877
7.607607607607608,24.704416366108234,-4.900931605921185,-0.6257701768518068
7.617617617617618,26.591040596782495,-4.6441129223118125,-0.6735589268868646
7.627627627627628,28.372512007182188,-4.368929347352014,-0.7186841248685351
7.637637637637638,30.041785865742355,-4.076469079485701,-0.7609673256616671
7.647647647647648,31.592261119999126,-3.767888636897042,-0.8002413226540298
7.657657657657658,33.01780650009308,-3.4444082841221237,-0.8363508089657763
7.667667667667668,34.312784764540226,-3.1073072065796534,-0.8691529916019975
7.677677677677678,35.472074992397246,-2.7579184521017095,-0.8985181561198647
7.687687687687688,36.49109283366366,-2.397623659468871,-0.9243301795773078
7.697697697697698,37.365808637843614,-2.0278475947951167,-0.946486989734851
7.707707707707708,38.09276338897992,-1.650052517367621,-0.9649009686947388
7.717717717717718,38.66908238414321,-1.2657323972224586,-0.9794992993811158
7.727727727727728,39.09248660128863,-0.8764070073212071,-0.9902242534911986
7.737737737737738,39.36130171152373,-0.48361591369197865,-0.99703341977869
7.747747747747748,39.47446470015115,-0.08891238729919279,-0.9998998717667488
7.757757757757758,39.43152807030211,0.3061427382816359,-0.9988122742272693
7.767767767767768,39.232661612538394,0.6999872390950391,-0.9937749280054247
7.777777777777778,38.878651733424846,1.0910636785353651,-0.9848077530122081
7.787787787787788,38.37089834572757,1.477825566144568,-0.9719462094522344
7.797797797797798,37.71140933253497,1.8587434731247605,-0.9552411575982866
7.807807807807808,36.902792607193994,2.232311080380661,-0.9347586566671519
7.817817817817818,35.94824580045847,2.5970511351766326,-0.9105797035920378
7.827827827827828,34.85154361563285,2.951521292851952,-0.8827999127246202
7.837837837837838,33.61702290171415,3.2943198204940165,-0.8515291377333135
7.847847847847848,32.2495655035582,3.6240911400150013,-0.8168910371929055
7.857857857857858,30.754578956891418,3.9395311887111886,-0.7790225855834931
7.867867867867868,29.137975104504555,4.239392576108099,-0.7380735316323431
7.877877877877878,27.406146718193106,4.522489516697991,-0.6942058061407241
7.887887887887888,25.565942218890413,4.787702519063917,-0.647592881637398
7.897897897897898,23.62463859495909,5.033982812847712,-0.5984190863909277
7.907907907907908,21.58991262573895,5.260356496054956,-0.5468788754936308
7.917917917917918,19.46981052413988,5.465928386297536,-0.4931760618994744
7.927927927927928,17.272716118333417,5.64988556074339,-0.43752301045690695
7.937937937937938,15.007317698359698,5.811500570775694,-0.3801397981236022
7.947947947947948,12.682573658758857,5.95013431864867,-0.3212533436841455
7.957957957957958,10.307677073089065,6.065238584764752,-0.261096510412093
7.967967967967968,7.8920193404165,6.156358195579188,-0.1999071852248054
7.977977977977978,5.445153047541916,6.223132823558909,-0.1379273379726574
7.987987987987988,2.9767541938147697,6.265298412078189,-0.07540206458240135
7.997997997997998,0.4965839279235491,6.282688219616124,-0.012578617838743837
8.008008008008009,-1.985550052036761,6.275233479126914,0.0502945703633675
8.018018018018019,-4.459832282570112,6.242963669975384,0.1129688714290782
8.028028028028029,-6.916478349495484,6.186006401362453,0.1751964432518713
8.038038038038039,-9.345773579879866,6.104586907701493,0.23673121029167912
8.048048048048049,-11.738111458182148,5.999027157941113,0.29732983666717566
8.058058058058059,-14.084031614694267,5.869744582356563,0.3567526884142322
8.068068068068069,-16.37425723605932,5.717250421844367,0.41476478110541115
8.078078078078079,-18.59973174992209,5.5421477062482,0.4711367090830192
8.088088088088089,-20.751654638652706,5.345128869710105,0.5256455526313254
8.098098098098099,-22.821516240511812,5.126973012477584,0.5780757595003728
8.108108108108109,-24.801131400645648,4.888542819994008,0.6282199972956419
8.118118118118119,-26.68267183883393,4.63078115145611,0.6758799733626818
8.128128128128129,-28.45869710599654,4.354707311328806,0.7208672189245855
8.138138138138139,-30.12218400704525,4.061413018561042,0.7630038343715304
8.148148148148149,-31.666554373724153,3.7520580894429907,0.8021231927550448
8.158158158158159,-33.08570107761876,3.427865851175531,0.8380705987052258
8.168168168168169,-34.3740121804617,3.090118304289624,0.8707039001651289
8.178178178178179,-35.52639312623628,2.740151053045234,0.8998940505233181
8.188188188188189,-36.53828688732143,2.3793480238568243,0.9255256189216794
8.198198198198199,-37.40569198500802,2.0091359926321246,0.94749724672043
8.208208208208209,-38.12517831312906,1.6309789426642658,0.9657220483153559
8.218218218218219,-38.693900702226834,1.2463722753899968,0.980127954722177
8.228228228228229,-39.10961017062095,0.8568368969059399,0.9906579985694316
8.238238238238239,-39.37066281788348,0.4639132036284763,0.9972705393728329
8.248248248248249,-39.476026325553576,0.0691549908802377,0.9999394282002937
8.258258258258259,-39.42528403938469,-0.32587669150909443,0.9986541110764563
8.268268268268269,-39.21863661698097,-0.7196197122888744,0.9934196707178106
8.278278278278279,-38.85690123430769,-1.1105170361507106,0.9842568064333678
8.288288288288289,-38.34150835421359,-1.497022880939347,0.9712017522703758
8.298298298298299,-37.67449606974333,-1.877608830364228,0.9543061337287491
8.308308308308309,-36.85850204460968,-2.2507698780382532,0.933636763610845
8.318318318318319,-35.89675308269657,-2.615030378943359,0.9092753778138885
8.328328328328329,-34.79305236783831,-2.9689498847885796,0.881318312109805
8.338338338338339,-33.55176442433738,-3.311128840183954,0.8498761211906858
8.348348348348349,-32.177797857690216,-3.640214117106289,0.8150731414862633
8.358358358358359,-30.676585943774644,-3.9549043657700302,0.7770469994822871
8.368368368368369,-29.05406514325728,-4.253955160743938,0.7359480674841039
8.378378378378379,-27.31665162618224,-4.536183921963848,0.6919388689775439
8.388388388388389,-25.471215899577963,-4.800474591180799,0.6451934359386932
8.398398398398399,-23.525055638410233,-5.045782045352776,0.5958966206338943
8.408408408408409,-21.485866827326003,-5.271136229526564,0.5442433646315779
8.418418418418419,-19.361713327300254,-5.475645992867373,0.490437927916422
8.428428428428429,-17.16099498753798,-5.658502612666132,0.4346930811543934
8.438438438438439,-14.892414428729296,-5.818982992389299,0.3772292643027705
8.448448448448449,-12.564942629008623,-5.956452521124815,0.31827371489230527
8.458458458458459,-10.187783448712802,-6.0703675831162185,0.2580595694288498
8.468468468468469,-7.770337234215105,-6.160277707461632,0.1968249414677009
8.478478478478479,-5.322163644770156,-6.225827349476286,0.13481198000658268
8.488488488488489,-2.852943849360703,-6.2667572966746645,0.07226591192058845
8.498498498498499,-0.372442243043518,-6.282905693812106,0.009434072225894121
8.508508508508509,2.109532165817645,-6.274208682932552,-0.05343507399305704
8.518518518518519,4.5831645447427904,-6.240700655891355,-0.11609291412523391
8.528528528528529,7.0386730493533705,-6.182514118354572,-0.17829167115797662
8.538538538538539,9.466347505144528,-6.099879165812511,-0.2397853834977337
8.548548548548549,11.856587805839913,-5.993122573679662,-0.30033087761175215
8.558558558558559,14.199941876487753,-5.862666505079179,-0.3596887296445345
8.568568568568569,16.48714305117779,-5.709026841421744,-0.4176242122064695
8.578578578578579,18.709146717564284,-5.532811142380763,-0.47390822259044296
8.588588588588589,20.85716608329448,-5.334716243330628,-0.5283181887460547
8.598598598598599,22.922706922897895,-5.115525499749381,-0.5806389494286063
8.608608608608609,24.897601167739545,-4.876105689482035,-0.6306636050425555
8.618618618618619,26.774039206201277,-4.617403585114895,-0.6781943358146678
8.62862862862863,28.54460076636451,-4.3404422100150875,-0.7230431840615086
8.63863863863864,30.202284259072453,-4.046316792840222,-0.7650327974578919
8.64864864864865,31.740534465331084,-3.736190436516622,-0.8039971303669405
8.65865865865866,33.153268458566764,-3.4112895188119556,-0.839782100458542
8.66866866866867,34.434899659226346,-3.0728988426914947,-0.8722461980194868
8.67867867867868,35.580359926602576,-2.7223565556345832,-0.9012610455459439
8.68868868868869,36.585119600519654,-2.361048858003492,-0.9267119054052858
8.6986986986987,37.44520541362718,-1.9904045213897925,-0.948498133559795
8.70870870870871,38.15721620346998,-1.6118892386147055,-0.9665335775580421
8.71871871871872,38.7183363621989,-1.2269998277270864,-0.9807469172200397
8.72872872872873,39.12634697073904,-0.8372583129177606,-0.9910819466690193
8.73873873873874,39.379634573384045,-0.44420590575796914,-0.9974977965944998
8.74874874874875,39.47719755811864,-0.04939691056237339,-0.9999690958677468
8.75875875875876,39.41865011743893,0.34560742202292566,-0.9984860718705223
8.76876876876877,39.20422377400703,0.7392450689005915,-0.9930545891403678
8.77877877877878,38.83476646510731,1.129959411457583,-0.9836961261796096
8.78878878878879,38.31173918952476,1.516205391128238,-0.9704476905197968
8.7987987987988,37.63721023010478,1.8964556192444413,-0.9533616723774301
8.80880880880881,36.81384697484141,2.269206417010705,-0.9325056374797069
8.81881881881882,35.84490536883734,2.6329837617198577,-0.9079620598795468
8.82882882882883,34.7342170388458,2.986349115695769,-0.8798279958164282
8.83883883883884,33.48617414131235,3.327905114911832,-0.8482146999128026
8.84884884884885,32.10571199383067,3.6563010947911367,-0.8132471852237309
8.85885885885886,30.598289558699364,3.9702384313355963,-0.7750637288796012
8.86886886886887,28.969867855752106,4.2684756764640035,-0.7338153252767293
8.87887887887888,27.226886389830103,4.549833467250671,-0.6896650889782607
8.88888888888889,25.37623768611195,4.813199189651725,-0.6427876096865404
8.8988988988989,23.425240033997195,5.0575313782769085,-0.5933682618376181
8.90890890890891,21.38160854733157,5.281863834807439,-0.5416024715481903
8.91891891891892,19.253424655408168,5.485309448774806,-0.48769494381363127
8.92892892892893,17.04910414539774,5.667063705590552,-0.43185885301329674
8.93893893893894,14.777363882575521,5.826407867955517,-0.374314999924021
8.94894894894895,12.447187339953425,5.9627118180672145,-0.3152909385755007
8.95895895895896,10.067789073626638,6.0754365493863025,-0.2550200764003116
8.96896896896897,7.6485782843120615,6.16413629810865,-0.1937407512368948
8.97897897897898,5.199121609179224,6.228460305913897,-0.13169528883562373
8.98898898898899,2.729105291103276,6.2681542070201886,-0.06912904459478768
8.998998998999,0.24829687494644415,6.283061034059742,-0.006289433316066811
9.00900900900901,-2.2334934176647336,6.273121838797759,0.05657504918379028
9.01901901901902,-4.7064514823279335,6.238375925240009,0.11921580873617535
9.02902902902903,-7.160798141203594,6.178960694207287,0.1813851358726501
9.03903903903904,-9.586827814242744,6.095111099991332,0.24283718537859017
9.04904904904905,-11.974946899371929,5.987158721240941,0.30332894847462666
9.05905905905906,-14.31571170987151,5.85553044975222,0.3626212137816641
9.06906906906907,-16.599865818919035,5.700746802348274,0.42047951326921534
9.07907907907908,-18.818376663623727,5.523419862523863,0.4766750494464258
9.08908908908909,-20.96247126380573,5.324250859994472,0.5309856001293222
9.0990990990991,-23.023670914265946,5.104027397721792,0.5831963972062727
9.10910910910911,-24.99382471336539,4.863620337380564,0.6331009759268238
9.11911911911912,-26.86514179531949,4.603980355583773,0.6805019913552526
9.12912912912913,-28.630222138753634,4.326134184483623,0.7252119987603954
9.13913913913914,-30.28208582968352,4.031180551615293,0.7670541948555997
9.14914914914915,-31.814200663203955,3.7202858350389127,0.8058631169576681
9.15915915915916,-33.220507974738304,3.394679450960877,0.8414852973000515
9.16916916916917,-34.4954465986958,3.055648992074769,0.8737798699127283
9.17917917917918,-35.633974859798876,2.704535135845999,0.9026191276690324
9.18918918918919,-36.631590510112616,2.3427263428759644,0.9278890272965095
9.1991991991992,-37.48434853293844,1.9716533663104345,0.9494896403548125
9.20920920920921,-38.18887674316835,1.5927835940039505,0.9673355483972906
9.21921921921922,-38.74238912240629,1.207615245814892,0.9813561807535592
9.22922922922923,-39.14269683612663,0.8176714489763911,0.9914960935973851
9.23923923923924,-39.388216889300494,0.4244942149730768,0.9977151891962615
9.24924924924925,-39.4779783862636,0.029638341740425324,0.999988874475714
9.25925925925926,-39.41162637007008,-0.3653347346987765,0.9983081582712682
9.26926926926927,-39.1894232261504,-0.7588631148479177,0.9926796868835206
9.27927927927928,-38.812247644722454,-1.149390612183278,0.9831257177957039
9.28928928928929,-38.28159114605916,-1.5353729070084368,0.9696840316576879
9.2992992992993,-37.599552182352525,-1.9152836533826674,0.9524077828844506
9.30930930930931,-36.768827839499366,-2.287620514972393,0.9313652894598543
9.31931931931932,-35.792703171621646,-2.6509111059586132,0.9066397627768907
9.32932932932933,-34.67503821049924,-3.003718813506213,0.8783289785827683
9.33933933933934,-33.42025270128514,-3.3446484787709836,0.8465448903300618
9.34934934934935,-32.03330862486332,-3.672351913979477,0.8114131864628646
9.35935935935936,-30.519690575966955,-3.9855332337637472,0.7730727933887184
9.36936936936937,-28.88538407464657,-4.28295397966965,0.7316753261016811
9.37937937937938,-27.136851896857703,-4.563438017573154,0.6873844886291104
9.38938938938939,-25.281008517766384,-4.825876188638527,0.6403754266730284
9.3993993993994,-23.325192768832718,-5.069230695426696,0.5908340350059572
9.40940940940941,-21.277138816803614,-5.292539205808398,0.5389562223602181
9.41941941941942,-19.14494557937033,-5.4949186584543455,0.48494713671748596
9.42942942942943,-16.93704469844184,-5.675568754852896,0.4290203540623273
9.43943943943944,-14.662167197674975,-5.833775124047058,0.37139703380757183
9.44944944944945,-12.329308956118055,-5.968912147575409,0.31230504423148936
9.45945945945946,-9.947695134498495,-6.080445433446157,0.251978061385128
9.46946946946947,-7.526743694825806,-6.167933929361239,0.19065464503306337
9.47947947947948,-5.076028157576459,-6.2310316668334815,0.12857729528187048
9.48948948948949,-2.605239743726927,-6.269489129300206,0.06599149362661824
9.4994994994995,-0.12414905135091873,-6.283154238822813,0.003144732207737115
9.50950950950951,2.3574325816799484,-6.271972957470733,-0.05971446488320612
9.51951951951952,4.829691876096004,-6.235989501011455,-0.12233752437845752
9.52952952952953,7.282852417306532,-6.1753461640617076,-0.18447680680348968
9.53953953953954,9.7072133157002,-6.09028275739112,-0.2458865857538516
9.54954954954955,12.09318756828191,-5.981135659603663,-0.3063240196067819
9.55955955955956,14.431339969955383,-5.848336486946741,-0.3655501118252147
9.56956956956957,16.71242442452645,-5.692410386508286,-0.4233306560565339
9.57957957957958,18.927420507885593,-5.513973959551296,-0.4794371622888066
9.58958958958959,21.06756913878508,-5.3137328231976335,-0.5336477604021227
9.5995995995996,23.124407216146192,-5.092478820103743,-0.5857480775418373
9.60960960960961,25.089801085932976,-4.851086887161857,-0.6355320858443853
9.61961961961962,26.955978705241808,-4.590511595609965,-0.682802917163188
9.62962962962963,28.715560376422896,-4.311783376231702,-0.7273736415730456
9.63963963963964,30.361587929691574,-4.016004444574072,-0.7690680065743165
9.64964964964965,31.887552238830843,-3.7043444422962732,-0.8077211340738047
9.65965965965966,33.287418961177394,-3.3780358118852827,-0.8431801723862228
9.66966966966967,34.55565240009926,-3.038368923029519,-0.8753049006778119
9.67967967967968,35.68723739560765,-2.6866869699219675,-0.9039682834620169
9.68968968968969,36.677699156532526,-2.3243806596722836,-0.9290569729543623
9.6996996996997,37.523120955841215,-1.9528827128310706,-0.9504717573001102
9.70970970970971,38.220159619121524,-1.573662197774696,-0.9681279529021187
9.71971971971972,38.76605874498248,-1.1882187213546216,-0.981955739297506
9.72972972972973,39.158659605093845,-0.7980764987835681,-0.991900435258877
9.73973973973974,39.396409680759156,-0.4047783262099062,-0.9979227150282431
9.74974974974975,39.47836880226657,-0.009879479814094568,-0.9999987638285974
9.75975975975976,39.40421286673855,0.3850584344460491,-0.9981203720381463
9.76976976976977,39.174235119779105,0.778473656120834,-0.9922949676548142
9.77977977977978,38.78934499584997,1.1688104461655568,-0.9825455869226277
9.78978978978979,38.25106452196179,1.5545252390253808,-0.9689107832361503
9.7997997997998,37.56152229890092,1.934092746581516,-0.9514444746831764
9.80980980980981,36.72344508379421,2.3060119898195794,-0.930215730828605
9.81981981981982,35.74014700729608,2.668812234369572,-0.9053084995825988
9.82982982982983,34.61551646803968,3.0210588064446275,-0.876821275233154
9.83983983983984,33.354000756176966,3.3613587661801687,-0.84486670895582
9.84984984984985,31.960588466811352,3.6883664159389324,-0.809571163340744
9.85985985985986,30.440789772871454,4.000788621798598,-0.7710742126987266
9.86986986986987,28.80061463543144,4.297389927179682,-0.7295280911221875
9.87987987987988,27.046549037649,4.576997438390933,-0.6850970904837821
9.88988988988989,25.18552933629728,4.838505462773733,-0.6379569107531156
9.8998998998999,23.224914832320724,5.080879881103318,-0.5882939652008057
9.90990990990991,21.172458668881436,5.303162236956803,-0.5363046432373856
9.91991991991992,19.036277171975673,5.504473526877031,-0.4821945338020474
9.92992992992993,16.824817754867063,5.684017676343625,-0.4261776123724377
9.93993993993994,14.546825513249733,5.841084687806439,-0.36847539481025515
9.94994994994995,12.211308643244886,5.975053448332078,-0.3093160613888704
9.95995995995996,9.82750281898118,6.085394185761101,-0.24893355446689608
9.96996996996997,7.404834670623076,6.171670563663236,-0.1875666533758376
9.97997997997998,4.952884507277942,6.233541406805911,-0.12545803018029952
9.98998998998999,2.481348432183837,6.270762050313181,-0.06285329004448137
10.0,9.66942355091577e-14,6.283185307179586,-2.4492935982947065e-15
